query_index,query_id,labeled,strict_eligible,cls_binary_p5,mean_binary_p5,cls_coverage,mean_coverage,delta_coverage_cls_minus_mean,cls_jaccard,mean_jaccard,delta_jaccard_cls_minus_mean,cls_strict_hit,mean_strict_hit,cls_top1_score,mean_top1_score,cls_retrieved_ids,mean_retrieved_ids
0,377882,True,False,0.6,0.6,0.3,0.3,0.0,0.2333333333333333,0.2333333333333333,0.0,nan,nan,0.2938636243343353,0.7479645609855652,465675;455872;348216;239274;110884,455872;239274;319369;88432;465675
1,65350,True,False,1.0,1.0,0.52,0.36000000000000004,0.15999999999999998,0.44666666666666666,0.3219047619047619,0.12476190476190474,nan,nan,0.3550037145614624,0.7626618146896362,500270;377635;190753;22479;261982,508370;22479;377635;295478;187585
2,17379,True,False,0.8,0.8,0.26666666666666666,0.26666666666666666,0.0,0.19666666666666668,0.19666666666666663,5.551115123125783e-17,nan,nan,0.5155019760131836,0.8423691987991333,542089;262440;110884;180792;514914,542089;514914;446574;262440;110884
3,440171,True,True,1.0,0.8,0.7,0.5,0.19999999999999996,0.7,0.5,0.19999999999999996,1.0,1.0,0.4960690140724182,0.832923412322998,88250;267191;80274;535156;293300,88250;535156;267191;80274;348243
4,174482,True,True,0.8,0.6,0.2,0.15,0.05000000000000002,0.17333333333333334,0.11333333333333333,0.06000000000000001,0.0,0.0,0.4882175922393799,0.7899790406227112,55022;508370;48924;426166;338718,508370;26926;491090;55022;109827
5,153299,True,True,0.6,0.2,0.6,0.2,0.39999999999999997,0.6,0.2,0.39999999999999997,1.0,1.0,0.6962873935699463,0.7925068140029907,287545;393282;325306;79565;244592,325306;287545;301061;51309;244592
6,139260,True,True,0.2,0.6,0.1,0.25,-0.15,0.1,0.175,-0.07499999999999998,0.0,0.0,0.38421446084976196,0.7264370322227478,13004;46463;329542;260470;581206,13004;46463;260470;184384;2431
7,87038,True,True,1.0,0.6,0.6666666666666666,0.3333333333333333,0.3333333333333333,0.5571428571428572,0.21904761904761902,0.3380952380952381,0.0,0.0,0.3520866334438324,0.808716893196106,259640;562229;22479;150649;377635,259640;562229;494188;177893;523241
8,437239,True,False,1.0,0.8,0.48,0.4,0.07999999999999996,0.35777777777777775,0.31333333333333335,0.0444444444444444,nan,nan,0.4424281418323517,0.813685417175293,190753;323799;97988;16451;87144,190753;323799;87144;185250;226883
9,56344,True,True,1.0,1.0,0.64,0.76,-0.12,0.45714285714285713,0.525,-0.0678571428571429,0.0,1.0,0.6302530765533447,0.8437719345092773,549674;516916;435003;135872;119365,516916;549674;301421;135872;435003
10,405691,True,False,1.0,1.0,0.45,0.475,-0.024999999999999967,0.3393939393939394,0.35069930069930066,-0.01130536130536125,nan,nan,0.3906676173210144,0.8541712164878845,181796;242946;484978;210520;389109,181796;2431;189752;210520;242946
11,577976,True,True,0.8,1.0,0.4,0.6,-0.19999999999999996,0.1733333333333333,0.32999999999999996,-0.15666666666666665,0.0,1.0,0.3433285057544708,0.8533570766448975,230450;307074;88432;284445;419096,523241;514376;230450;177893;459500
12,530061,True,False,1.0,1.0,0.4666666666666666,0.5333333333333333,-0.06666666666666671,0.3083333333333333,0.3433333333333333,-0.03500000000000003,nan,nan,0.4250389337539673,0.8199597597122192,157601;484978;368752;286553;285047,368752;484978;322163;157601;240250
13,322724,True,True,1.0,1.0,0.8,0.9,-0.09999999999999998,0.65,0.6166666666666666,0.03333333333333344,1.0,1.0,0.5667626857757568,0.7877509593963623,176901;131556;309655;36539;326128,326128;309655;131556;361919;411530
14,50145,True,True,1.0,0.6,0.45,0.3,0.15000000000000002,0.2961904761904762,0.1714285714285714,0.12476190476190482,0.0,0.0,0.3833152949810028,0.8550437688827515,259640;508370;319369;48924;286523,259640;234366;88432;319369;425925
15,357888,True,False,1.0,1.0,0.35555555555555557,0.33333333333333337,0.0222222222222222,0.2576648841354724,0.24001919648978473,0.017645687645687663,nan,nan,0.39278706908226013,0.8625768423080444,425226;313034;248400;246968;309964,246968;313034;425226;554266;171757
16,260106,True,True,1.0,1.0,0.9,0.7,0.20000000000000007,0.7666666666666666,0.5666666666666667,0.19999999999999996,1.0,1.0,0.5557706356048584,0.8222620487213135,303653;574297;47571;23126;123213,303653;288685;348243;51309;574297
17,21503,True,False,0.0,0.0,0.0,0.0,0.0,0.0,0.0,0.0,nan,nan,0.36091068387031555,0.7682475447654724,189752;43581;555412;2431;389109,189752;2431;323151;530146;184384
18,21167,True,False,1.0,1.0,0.4666666666666667,0.4666666666666666,5.551115123125783e-17,0.23111111111111113,0.2604040404040404,-0.029292929292929287,nan,nan,0.35711151361465454,0.7568947076797485,313034;25393;157767;22705;85157,462371;313034;286553;157767;289229
19,54123,True,True,1.0,0.4,1.0,0.4,0.6,1.0,0.4,0.6,1.0,1.0,0.6803651452064514,0.8576468229293823,244592;325306;577149;70158;125211,577149;348243;133778;325306;51309
20,135670,True,True,0.8,0.2,0.8,0.2,0.6000000000000001,0.4,0.03333333333333333,0.3666666666666667,1.0,1.0,0.3507728576660156,0.7710752487182617,508370;259640;273712;426166;55022,453302;415194;507797;262440;259640
21,148739,True,True,1.0,1.0,1.0,1.0,0.0,0.9333333333333333,1.0,-0.06666666666666665,1.0,1.0,0.5108009576797485,0.8817500472068787,54164;270122;567011;191672;462728,54164;449603;191672;270122;567011
22,302882,True,True,0.6,1.0,0.3,0.5,-0.2,0.11388888888888889,0.2022893772893773,-0.0884004884004884,0.0,0.0,0.2634775638580322,0.7632738351821899,484978;552883;301421;300341;218362,300341;296222;554266;246968;313034
23,363188,True,False,1.0,0.8,0.4,0.24000000000000005,0.15999999999999998,0.29714285714285715,0.18095238095238092,0.11619047619047623,nan,nan,0.34704262018203735,0.7735766172409058,273198;25393;338718;577932;151000,508370;338304;386352;88432;285047
24,17436,True,True,0.6,0.4,0.3,0.2,0.09999999999999998,0.17333333333333334,0.10666666666666666,0.06666666666666668,0.0,0.0,0.40610140562057495,0.7741393446922302,425925;206135;289516;545007;86483,459500;206135;425925;88432;562229
25,328430,True,True,1.0,1.0,0.75,0.55,0.19999999999999996,0.6657142857142857,0.5233333333333333,0.14238095238095239,1.0,1.0,0.5360994338989258,0.7760483622550964,182923;493905;521717;60507;269121,213830;406129;22479;377635;269121
26,126107,True,False,1.0,1.0,0.3333333333333333,0.4666666666666666,-0.1333333333333333,0.21333333333333332,0.37333333333333335,-0.16000000000000003,nan,nan,0.2766282558441162,0.740331768989563,540932;425227;236599;134886;163117,105264;425227;567011;78565;570448
27,425390,True,True,1.0,1.0,0.7,0.7,0.0,0.5333333333333333,0.5333333333333333,0.0,1.0,1.0,0.5409678220748901,0.8407406806945801,80949;312213;353970;402473;264441,80949;312213;353970;402473;264441
28,384670,True,True,1.0,1.0,0.7999999999999999,0.7999999999999999,0.0,0.7,0.7,0.0,1.0,1.0,0.779450535774231,0.8902010917663574,397279;162581;213830;521717;429761,397279;323496;162581;521717;429761
29,421455,True,False,0.8,1.0,0.2,0.24,-0.03999999999999998,0.13293650793650794,0.16150793650793652,-0.02857142857142858,nan,nan,0.5058049559593201,0.7896600961685181,107087;263463;157601;411665;460841,263463;107087;157601;454661;460841
30,565989,True,False,1.0,1.0,0.5,0.5,0.0,0.3833333333333333,0.3733333333333333,0.010000000000000009,nan,nan,0.4026191234588623,0.7162318229675293,545007;289516;216419;459500;525286,206135;289516;130465;425925;545007
31,259597,True,False,1.0,1.0,0.45,0.45,0.0,0.30000000000000004,0.2638095238095238,0.03619047619047622,nan,nan,0.38468635082244873,0.7974628210067749,147729;151938;85157;389109;25393,151938;85157;494188;147729;157767
32,135673,True,True,0.8,0.8,0.8,0.8,0.0,0.6666666666666667,0.6666666666666667,0.0,1.0,1.0,0.5015584230422974,0.7638736963272095,189828;110359;300659;134886;48555,110359;189828;452122;134886;58636
33,270402,True,True,0.8,0.6,0.8,0.6,0.20000000000000007,0.7,0.6,0.09999999999999998,1.0,1.0,0.6053285598754883,0.8087620735168457,80274;535156;88250;293300;51309,535156;325306;88250;80274;51309
34,357501,True,True,0.2,0.2,0.2,0.2,0.0,0.2,0.2,0.0,1.0,1.0,0.29620593786239624,0.6714710593223572,161008;210520;105014;459500;116206,161008;210520;382030;218362;116206
35,175438,True,False,1.0,0.8,0.45,0.35,0.10000000000000003,0.38,0.2533333333333333,0.1266666666666667,nan,nan,0.4139368236064911,0.8200534582138062,307074;260266;400367;88432;565012,162858;177893;230450;523241;562229
36,475064,True,True,0.8,1.0,0.5,0.5,0.0,0.3466666666666666,0.22523809523809524,0.12142857142857139,1.0,0.0,0.2834679186344147,0.7693520188331604,279730;370677;125936;286523;251119,286523;259640;125936;151000;468965
37,516677,True,False,1.0,1.0,0.45,0.5,-0.04999999999999999,0.4,0.44000000000000006,-0.040000000000000036,nan,nan,0.5058930516242981,0.795724630355835,36539;274708;361919;176901;289417,36539;326128;176901;411530;131556
38,7818,True,False,1.0,1.0,0.4666666666666667,0.4333333333333333,0.03333333333333338,0.3107142857142857,0.26970418470418467,0.04101010101010105,nan,nan,0.3601980209350586,0.7638628482818604,246968;484978;43581;181796;151938,484978;246968;43581;156643;389109
39,454978,True,True,0.6,0.2,0.6,0.2,0.39999999999999997,0.26666666666666666,0.06666666666666667,0.2,1.0,1.0,0.4288007616996765,0.7505006790161133,48924;578792;491090;577149;319369,188439;574297;577149;48924;226883
40,472375,True,False,0.6,0.6,0.2,0.2,0.0,0.11857142857142858,0.13999999999999999,-0.021428571428571408,nan,nan,0.31845778226852417,0.7940510511398315,22892;48924;491090;466339;55022,491090;55022;508370;554266;562561
41,98018,True,True,0.0,0.4,0.0,0.13333333333333333,-0.13333333333333333,0.0,0.06000000000000001,-0.06000000000000001,0.0,0.0,0.3987575173377991,0.8182097673416138,289702;464824;348216;466339;171757,289702;384527;464824;110884;453302
42,417911,True,True,1.0,1.0,1.0,1.0,0.0,0.9333333333333332,1.0,-0.06666666666666676,1.0,1.0,0.6821256875991821,0.8868024945259094,177357;462728;191672;54164;567011,177357;54164;449603;191672;270122
43,564133,True,True,0.6,0.0,0.6,0.0,0.6,0.6,0.0,0.6,1.0,0.0,0.43241971731185913,0.8105581998825073,88250;535156;51309;80274;559099,79565;577149;51309;574297;335450
44,210915,True,True,1.0,1.0,1.0,1.0,0.0,1.0,1.0,0.0,1.0,1.0,0.6634043455123901,0.890554666519165,191672;449603;177357;54164;270122,449603;177357;54164;191672;270122
45,537964,True,True,0.4,0.0,0.4,0.0,0.4,0.16666666666666666,0.0,0.16666666666666666,1.0,0.0,0.48293715715408325,0.6904077529907227,26926;140556;433774;541291;150638,48924;465836;359855;44260;461573
46,97679,True,False,0.6,0.8,0.26666666666666666,0.26666666666666666,0.0,0.19,0.19,0.0,nan,nan,0.15965363383293152,0.7359263896942139,261982;88432;454661;300341;302165,198805;465675;47571;188439;362682
47,135410,True,False,0.8,0.8,0.28,0.24,0.040000000000000036,0.24,0.2066666666666667,0.0333333333333333,nan,nan,0.5168967843055725,0.8122482299804688,433774;36861;230450;26926;234366,230450;26926;36861;88432;177893
48,456292,True,True,0.2,0.2,0.2,0.2,0.0,0.1,0.1,0.0,1.0,1.0,0.31180620193481445,0.729454755783081,226883;460841;289702;122046;359855,289702;525286;460841;541291;348216
49,210388,True,True,1.0,0.8,0.5,0.4,0.09999999999999998,0.2833333333333333,0.22333333333333333,0.06,0.0,0.0,0.40124279260635376,0.7592095732688904,319369;36539;309655;367228;176901,131556;163117;105264;523241;309655
50,573943,True,True,0.2,0.4,0.2,0.4,-0.2,0.06666666666666667,0.13333333333333333,-0.06666666666666667,1.0,1.0,0.329730361700058,0.7505319118499756,100274;151938;190753;97988;530854,100274;230450;275791;23126;88432
51,560011,True,False,0.6,0.6,0.26666666666666666,0.26666666666666666,0.0,0.15666666666666668,0.15666666666666665,2.7755575615628914e-17,nan,nan,0.4474911093711853,0.7670961618423462,127987;12667;239318;549674;312213,127987;12667;549674;279730;239318
52,235778,True,True,1.0,1.0,0.7,0.5,0.19999999999999996,0.5,0.25666666666666665,0.24333333333333335,1.0,0.0,0.2974112629890442,0.7112912535667419,300341;14439;236599;499031;404839,508370;554266;300341;171757;151000
53,54654,True,True,1.0,1.0,0.5,0.5,0.0,0.15357142857142855,0.12357142857142858,0.02999999999999997,0.0,0.0,0.4298180937767029,0.8386332988739014,286553;296222;150638;484978;248400,286553;296222;425226;484978;313034
54,223955,True,True,1.0,1.0,0.7,0.8,-0.10000000000000009,0.5833333333333334,0.6233333333333333,-0.039999999999999925,1.0,1.0,0.40577661991119385,0.735724687576294,323799;468632;406129;269121;367228,14439;323799;182021;468632;185250
55,505451,True,True,1.0,1.0,1.0,1.0,0.0,1.0,0.9333333333333333,0.06666666666666665,1.0,1.0,0.7142120599746704,0.8803966045379639,270122;567011;54164;449603;191672,567011;270122;449603;187362;462728
56,211674,True,False,1.0,1.0,0.45,0.45,0.0,0.4,0.4,0.0,nan,nan,0.5704573392868042,0.8536659479141235,249219;362682;177893;509008;507797,249219;394275;509008;507797;362682
57,363207,True,False,1.0,1.0,0.48,0.36,0.12,0.2419047619047619,0.18666666666666665,0.05523809523809525,nan,nan,0.34475135803222656,0.8237028121948242,246968;156643;157767;329041;85157,246968;313034;554266;85157;296222
58,164637,True,True,1.0,1.0,1.0,1.0,0.0,0.41166666666666674,0.4116666666666666,1.1102230246251565e-16,1.0,1.0,0.4579710364341736,0.8599275350570679,514914;530836;415194;262440;542089,542089;262440;514914;415194;530836
59,473219,True,False,1.0,1.0,0.36,0.36000000000000004,-5.551115123125783e-17,0.21121212121212124,0.2016883116883117,0.009523809523809545,nan,nan,0.3274090886116028,0.7740972638130188,157767;313034;85157;489842;462371,85157;462371;157767;313034;257370
60,23272,True,True,0.6,0.8,0.4,0.5,-0.09999999999999998,0.25,0.29,-0.03999999999999998,1.0,1.0,0.23348687589168549,0.7074345350265503,198805;117525;206135;25393;107087,198805;454661;107087;476119;394275
61,432468,True,False,1.0,0.6,0.5,0.3,0.2,0.35,0.16666666666666666,0.18333333333333332,nan,nan,0.3351035714149475,0.6778873205184937,353970;22892;411665;223747;255965,353970;462643;263463;264441;22892
62,276434,True,False,1.0,1.0,0.5199999999999999,0.52,-1.1102230246251565e-16,0.36507936507936506,0.3098412698412698,0.05523809523809525,nan,nan,0.45047783851623535,0.7767448425292969,260470;329542;334483;409424;156643,260470;156643;409424;435081;43581
63,319721,True,True,1.0,0.8,0.6,0.5,0.09999999999999998,0.5666666666666667,0.4166666666666667,0.14999999999999997,1.0,1.0,0.4137762188911438,0.7943209409713745,348243;335450;311392;226883;574297,468965;51309;535156;303499;311392
64,78748,True,True,1.0,1.0,0.4666666666666667,0.4666666666666667,0.0,0.36333333333333334,0.309047619047619,0.054285714285714326,0.0,0.0,0.5182784199714661,0.8471025228500366,491090;55022;508370;48924;97988,491090;508370;55022;259640;494188
65,234526,True,False,1.0,0.8,0.5,0.4,0.09999999999999998,0.4,0.19,0.21000000000000002,nan,nan,0.31552398204803467,0.7648630142211914,393282;301061;287545;22479;79565,338304;22479;334483;562561;365521
66,46872,True,True,0.8,1.0,0.39999999999999997,0.4666666666666666,-0.06666666666666665,0.30666666666666664,0.4,-0.09333333333333338,0.0,0.0,0.3044891953468323,0.7648796439170837,188439;100274;200839;338304;344816,188439;198805;394275;26926;150638
67,323202,True,False,1.0,1.0,0.5,0.5,0.0,0.4666666666666666,0.4333333333333333,0.033333333333333326,nan,nan,0.5310343503952026,0.7952502369880676,263474;446574;423971;309495;180792,211042;423971;104803;263474;446574
68,180878,True,False,0.6,0.6,0.26666666666666666,0.3333333333333333,-0.06666666666666665,0.07777777777777777,0.14444444444444443,-0.06666666666666667,nan,nan,0.24424874782562256,0.7108891010284424,301421;156643;275791;435081;440507,156643;260470;301421;253433;409424
69,493019,True,True,1.0,0.8,1.0,0.8,0.19999999999999996,1.0,0.8,0.19999999999999996,1.0,1.0,0.6745610237121582,0.8433213233947754,577149;70158;244592;325306;125211,70158;325306;244592;80274;577149
70,371699,True,False,1.0,1.0,0.29999999999999993,0.3333333333333333,-0.03333333333333338,0.1661111111111111,0.16984848484848486,-0.0037373737373737614,nan,nan,0.37719446420669556,0.8750238418579102,135872;529122;425226;370478;246968,135872;415194;246968;301421;453302
71,369812,True,False,1.0,1.0,0.27999999999999997,0.32,-0.040000000000000036,0.21190476190476187,0.24285714285714283,-0.030952380952380953,nan,nan,0.4185065031051636,0.7455029487609863,260266;523241;307074;400367;319369,523241;162858;459500;400367;130386
72,224807,True,False,1.0,1.0,0.6,0.65,-0.050000000000000044,0.5008080808080808,0.5371717171717172,-0.036363636363636376,nan,nan,0.5184832811355591,0.8646599054336548,85157;242946;334483;368752;157767,85157;368752;157767;240250;242946
73,338325,True,True,1.0,0.8,1.0,0.8,0.19999999999999996,0.8666666666666666,0.6666666666666667,0.19999999999999984,1.0,1.0,0.4853731393814087,0.8538436889648438,110359;134886;452122;189828;300659,110359;452122;189828;134886;58636
74,123480,True,False,1.0,0.8,0.3333333333333333,0.26666666666666666,0.06666666666666665,0.20222222222222222,0.155,0.04722222222222222,nan,nan,0.41235700249671936,0.7496758699417114,506178;404839;239347;484978;300341,506178;239347;110884;296222;554266
75,423123,True,False,1.0,1.0,0.3,0.3,0.0,0.16444444444444445,0.1519047619047619,0.012539682539682545,nan,nan,0.5311996936798096,0.8355929851531982,425226;575081;464824;246968;554266,425226;125936;322163;554266;453302
76,38829,True,True,1.0,1.0,0.45,0.55,-0.10000000000000003,0.34428571428571425,0.3488311688311688,-0.004545454545454575,0.0,0.0,0.48710063099861145,0.842342734336853,508370;491090;426166;259640;69356,508370;259640;491090;76547;69356
77,23359,True,True,1.0,0.8,0.7,0.6,0.09999999999999998,0.5833333333333334,0.4666666666666667,0.1166666666666667,1.0,1.0,0.4993755519390106,0.7058432698249817,36539;400044;289417;176901;274708,110359;131556;400044;309655;274708
78,396274,True,True,0.4,0.4,0.4,0.4,0.0,0.3,0.3,0.0,1.0,1.0,0.4402850270271301,0.7011332511901855,410934;34257;22892;189828;491090,410934;34257;88432;359855;150638
79,145620,True,True,1.0,0.4,0.5,0.2,0.3,0.29999999999999993,0.11666666666666665,0.1833333333333333,0.0,0.0,0.4636244773864746,0.8108134269714355,48924;55022;574297;465836;47571,574297;48924;224093;577149;226883
80,460929,True,False,0.6,0.8,0.3,0.4,-0.10000000000000003,0.13523809523809524,0.1571428571428571,-0.02190476190476187,nan,nan,0.3915834426879883,0.744849681854248,46463;581206;91779;279730;172396,91779;581206;210032;476787;463527
81,180487,True,True,1.0,1.0,0.31999999999999995,0.52,-0.20000000000000007,0.20793650793650795,0.33492063492063495,-0.126984126984127,0.0,0.0,0.3896740674972534,0.8213890790939331,309964;334483;97988;484978;367228,334483;150638;156643;309964;484978
82,515266,True,True,0.8,1.0,0.3333333333333333,0.39999999999999997,-0.06666666666666665,0.2316666666666667,0.30333333333333334,-0.07166666666666666,0.0,0.0,0.4079693555831909,0.7933118343353271,88432;200839;198805;259640;507797,188439;88432;198805;362682;301061
83,558213,True,False,1.0,0.8,0.4,0.4,0.0,0.37333333333333335,0.4,-0.026666666666666672,nan,nan,0.47075772285461426,0.7889522314071655,377635;308165;468632;562229;100274,308165;562229;500270;377635;234366
84,56288,True,False,0.2,0.4,0.06666666666666667,0.13333333333333333,-0.06666666666666667,0.04,0.06000000000000001,-0.02000000000000001,nan,nan,0.5178015828132629,0.7854962348937988,46463;581206;189752;242946;184384,46463;184384;242946;189752;210032
85,518326,True,True,0.4,0.6,0.2,0.3,-0.09999999999999998,0.10666666666666666,0.15666666666666665,-0.04999999999999999,0.0,0.0,0.5894763469696045,0.7897669672966003,463842;302165;69356;415194;461573,463842;88432;362682;87144;461573
86,528705,True,True,1.0,1.0,0.5,0.6,-0.09999999999999998,0.4333333333333333,0.4066666666666666,0.026666666666666672,0.0,1.0,0.37973639369010925,0.7379661798477173,776;109827;73118;322844;370900,370900;338304;463802;19402;253433
87,273760,True,True,1.0,1.0,1.0,0.8,0.19999999999999996,0.8,0.55,0.25,1.0,1.0,0.7070231437683105,0.8635303974151611,429761;493905;397279;269121;213830,429761;182923;493905;404923;182021
88,375430,True,True,1.0,1.0,0.6,0.5333333333333333,0.06666666666666665,0.24325396825396828,0.2513492063492063,-0.008095238095238044,0.0,1.0,0.31216806173324585,0.7726544737815857,389109;530146;240250;189752;2431,2431;323151;184384;43581;189752
89,225946,True,False,1.0,1.0,0.5,0.5,0.0,0.5,0.5,0.0,nan,nan,0.6128856539726257,0.7979490756988525,344816;419096;115118;368038;50165,368038;344816;50165;419096;115118
90,102356,True,True,0.6,1.0,0.3,0.6,-0.3,0.1833333333333333,0.4333333333333333,-0.25,0.0,1.0,0.27156496047973633,0.7714154720306396,559099;79565;576052;48924;303499,491090;55022;303499;47571;494188
91,228771,False,False,nan,nan,nan,nan,nan,nan,nan,nan,nan,nan,0.6062736511230469,0.7542580366134644,58636;91619;523241;86483;153568,86483;216419;508370;259640;286523
92,222825,True,True,0.8,0.8,0.6,0.6666666666666666,-0.06666666666666665,0.20880952380952378,0.21457875457875458,-0.005769230769230804,1.0,1.0,0.6746443510055542,0.8772426247596741,226984;552883;530836;453302;221708,226984;552883;453302;246968;530836
93,133244,True,False,1.0,1.0,0.6,0.6,0.0,0.47000000000000003,0.4866666666666667,-0.016666666666666663,nan,nan,0.6139587163925171,0.8449531197547913,182923;213830;521717;429761;60507,182923;323496;521717;269121;493905
94,404191,True,True,0.6,0.8,0.6,0.8,-0.20000000000000007,0.26857142857142857,0.2841269841269841,-0.015555555555555545,1.0,1.0,0.3580673933029175,0.747223436832428,425226;248400;273712;22705;440507,453302;425226;273712;248400;226984
95,166768,True,True,0.8,1.0,0.6,0.8,-0.20000000000000007,0.3688888888888889,0.5522222222222222,-0.1833333333333333,1.0,1.0,0.2878836393356323,0.7571595907211304,4395;157767;462371;29596;300341,462371;4395;289229;157767;386352
96,549220,True,False,0.4,1.0,0.08,0.2,-0.12000000000000001,0.05357142857142857,0.1376984126984127,-0.08412698412698413,nan,nan,0.27406835556030273,0.7561352252960205,92839;521231;507667;264441;285047,562561;464824;508370;494188;507667
97,408112,True,True,0.8,1.0,0.7,0.9,-0.20000000000000007,0.5333333333333334,0.6904761904761905,-0.15714285714285703,1.0,1.0,0.4238196015357971,0.8620660305023193,504000;478862;571857;465675;303499,478862;384350;13348;504000;524850
98,384651,True,True,0.6,0.8,0.3,0.4,-0.10000000000000003,0.11538461538461538,0.12927350427350426,-0.013888888888888881,0.0,0.0,0.36987197399139404,0.8084549903869629,554266;110884;246968;491497;171757,554266;246968;110884;484978;29596
99,42102,True,True,1.0,1.0,0.5999999999999999,0.5999999999999999,0.0,0.5666666666666667,0.4444444444444445,0.12222222222222218,0.0,0.0,0.3102855682373047,0.7428701519966125,423944;25393;4395;406417;289229,289229;423944;157767;4395;462371
