role,index,image_id,file_name
query,0,377882,000000377882.jpg
query,1,65350,000000065350.jpg
query,2,17379,000000017379.jpg
query,3,440171,000000440171.jpg
query,4,174482,000000174482.jpg
query,5,153299,000000153299.jpg
query,6,139260,000000139260.jpg
query,7,87038,000000087038.jpg
query,8,437239,000000437239.jpg
query,9,56344,000000056344.jpg
query,10,405691,000000405691.jpg
query,11,577976,000000577976.jpg
query,12,530061,000000530061.jpg
query,13,322724,000000322724.jpg
query,14,50145,000000050145.jpg
query,15,357888,000000357888.jpg
query,16,260106,000000260106.jpg
query,17,21503,000000021503.jpg
query,18,21167,000000021167.jpg
query,19,54123,000000054123.jpg
query,20,135670,000000135670.jpg
query,21,148739,000000148739.jpg
query,22,302882,000000302882.jpg
query,23,363188,000000363188.jpg
query,24,17436,000000017436.jpg
query,25,328430,000000328430.jpg
query,26,126107,000000126107.jpg
query,27,425390,000000425390.jpg
query,28,384670,000000384670.jpg
query,29,421455,000000421455.jpg
query,30,565989,000000565989.jpg
query,31,259597,000000259597.jpg
query,32,135673,000000135673.jpg
query,33,270402,000000270402.jpg
query,34,357501,000000357501.jpg
query,35,175438,000000175438.jpg
query,36,475064,000000475064.jpg
query,37,516677,000000516677.jpg
query,38,7818,000000007818.jpg
query,39,454978,000000454978.jpg
query,40,472375,000000472375.jpg
query,41,98018,000000098018.jpg
query,42,417911,000000417911.jpg
query,43,564133,000000564133.jpg
query,44,210915,000000210915.jpg
query,45,537964,000000537964.jpg
query,46,97679,000000097679.jpg
query,47,135410,000000135410.jpg
query,48,456292,000000456292.jpg
query,49,210388,000000210388.jpg
query,50,573943,000000573943.jpg
query,51,560011,000000560011.jpg
query,52,235778,000000235778.jpg
query,53,54654,000000054654.jpg
query,54,223955,000000223955.jpg
query,55,505451,000000505451.jpg
query,56,211674,000000211674.jpg
query,57,363207,000000363207.jpg
query,58,164637,000000164637.jpg
query,59,473219,000000473219.jpg
query,60,23272,000000023272.jpg
query,61,432468,000000432468.jpg
query,62,276434,000000276434.jpg
query,63,319721,000000319721.jpg
query,64,78748,000000078748.jpg
query,65,234526,000000234526.jpg
query,66,46872,000000046872.jpg
query,67,323202,000000323202.jpg
query,68,180878,000000180878.jpg
query,69,493019,000000493019.jpg
query,70,371699,000000371699.jpg
query,71,369812,000000369812.jpg
query,72,224807,000000224807.jpg
query,73,338325,000000338325.jpg
query,74,123480,000000123480.jpg
query,75,423123,000000423123.jpg
query,76,38829,000000038829.jpg
query,77,23359,000000023359.jpg
query,78,396274,000000396274.jpg
query,79,145620,000000145620.jpg
query,80,460929,000000460929.jpg
query,81,180487,000000180487.jpg
query,82,515266,000000515266.jpg
query,83,558213,000000558213.jpg
query,84,56288,000000056288.jpg
query,85,518326,000000518326.jpg
query,86,528705,000000528705.jpg
query,87,273760,000000273760.jpg
query,88,375430,000000375430.jpg
query,89,225946,000000225946.jpg
query,90,102356,000000102356.jpg
query,91,228771,000000228771.jpg
query,92,222825,000000222825.jpg
query,93,133244,000000133244.jpg
query,94,404191,000000404191.jpg
query,95,166768,000000166768.jpg
query,96,549220,000000549220.jpg
query,97,408112,000000408112.jpg
query,98,384651,000000384651.jpg
query,99,42102,000000042102.jpg
gallery,0,365642,000000365642.jpg
gallery,1,472298,000000472298.jpg
gallery,2,107087,000000107087.jpg
gallery,3,319369,000000319369.jpg
gallery,4,508370,000000508370.jpg
gallery,5,577149,000000577149.jpg
gallery,6,468632,000000468632.jpg
gallery,7,279730,000000279730.jpg
gallery,8,535156,000000535156.jpg
gallery,9,171757,000000171757.jpg
gallery,10,581206,000000581206.jpg
gallery,11,410735,000000410735.jpg
gallery,12,325306,000000325306.jpg
gallery,13,541291,000000541291.jpg
gallery,14,409424,000000409424.jpg
gallery,15,198510,000000198510.jpg
gallery,16,27620,000000027620.jpg
gallery,17,147729,000000147729.jpg
gallery,18,562561,000000562561.jpg
gallery,19,189752,000000189752.jpg
gallery,20,248400,000000248400.jpg
gallery,21,168337,000000168337.jpg
gallery,22,36539,000000036539.jpg
gallery,23,133778,000000133778.jpg
gallery,24,332570,000000332570.jpg
gallery,25,425925,000000425925.jpg
gallery,26,440507,000000440507.jpg
gallery,27,435081,000000435081.jpg
gallery,28,393115,000000393115.jpg
gallery,29,301061,000000301061.jpg
gallery,30,244592,000000244592.jpg
gallery,31,384350,000000384350.jpg
gallery,32,275791,000000275791.jpg
gallery,33,88250,000000088250.jpg
gallery,34,513688,000000513688.jpg
gallery,35,575081,000000575081.jpg
gallery,36,153568,000000153568.jpg
gallery,37,554266,000000554266.jpg
gallery,38,319935,000000319935.jpg
gallery,39,163117,000000163117.jpg
gallery,40,348243,000000348243.jpg
gallery,41,261982,000000261982.jpg
gallery,42,348216,000000348216.jpg
gallery,43,246968,000000246968.jpg
gallery,44,497628,000000497628.jpg
gallery,45,453302,000000453302.jpg
gallery,46,86483,000000086483.jpg
gallery,47,303653,000000303653.jpg
gallery,48,296222,000000296222.jpg
gallery,49,51309,000000051309.jpg
gallery,50,24021,000000024021.jpg
gallery,51,60507,000000060507.jpg
gallery,52,95786,000000095786.jpg
gallery,53,500270,000000500270.jpg
gallery,54,530457,000000530457.jpg
gallery,55,567011,000000567011.jpg
gallery,56,359855,000000359855.jpg
gallery,57,35326,000000035326.jpg
gallery,58,239318,000000239318.jpg
gallery,59,236599,000000236599.jpg
gallery,60,465675,000000465675.jpg
gallery,61,284743,000000284743.jpg
gallery,62,313034,000000313034.jpg
gallery,63,157601,000000157601.jpg
gallery,64,323496,000000323496.jpg
gallery,65,12667,000000012667.jpg
gallery,66,69356,000000069356.jpg
gallery,67,507667,000000507667.jpg
gallery,68,464824,000000464824.jpg
gallery,69,382030,000000382030.jpg
gallery,70,529122,000000529122.jpg
gallery,71,579902,000000579902.jpg
gallery,72,502737,000000502737.jpg
gallery,73,263474,000000263474.jpg
gallery,74,97988,000000097988.jpg
gallery,75,530836,000000530836.jpg
gallery,76,2431,000000002431.jpg
gallery,77,500478,000000500478.jpg
gallery,78,301421,000000301421.jpg
gallery,79,115118,000000115118.jpg
gallery,80,303499,000000303499.jpg
gallery,81,58636,000000058636.jpg
gallery,82,182021,000000182021.jpg
gallery,83,370677,000000370677.jpg
gallery,84,462643,000000462643.jpg
gallery,85,552883,000000552883.jpg
gallery,86,406129,000000406129.jpg
gallery,87,231097,000000231097.jpg
gallery,88,100274,000000100274.jpg
gallery,89,320706,000000320706.jpg
gallery,90,314264,000000314264.jpg
gallery,91,776,000000000776.jpg
gallery,92,361919,000000361919.jpg
gallery,93,191672,000000191672.jpg
gallery,94,293300,000000293300.jpg
gallery,95,15278,000000015278.jpg
gallery,96,384527,000000384527.jpg
gallery,97,411665,000000411665.jpg
gallery,98,185250,000000185250.jpg
gallery,99,150649,000000150649.jpg
gallery,100,29596,000000029596.jpg
gallery,101,151000,000000151000.jpg
gallery,102,435003,000000435003.jpg
gallery,103,476787,000000476787.jpg
gallery,104,48924,000000048924.jpg
gallery,105,289702,000000289702.jpg
gallery,106,491497,000000491497.jpg
gallery,107,318138,000000318138.jpg
gallery,108,79565,000000079565.jpg
gallery,109,80274,000000080274.jpg
gallery,110,287545,000000287545.jpg
gallery,111,323151,000000323151.jpg
gallery,112,104803,000000104803.jpg
gallery,113,425227,000000425227.jpg
gallery,114,394275,000000394275.jpg
gallery,115,404839,000000404839.jpg
gallery,116,430961,000000430961.jpg
gallery,117,365521,000000365521.jpg
gallery,118,127987,000000127987.jpg
gallery,119,187585,000000187585.jpg
gallery,120,415194,000000415194.jpg
gallery,121,367228,000000367228.jpg
gallery,122,264441,000000264441.jpg
gallery,123,309452,000000309452.jpg
gallery,124,273712,000000273712.jpg
gallery,125,76547,000000076547.jpg
gallery,126,424521,000000424521.jpg
gallery,127,140556,000000140556.jpg
gallery,128,402473,000000402473.jpg
gallery,129,210520,000000210520.jpg
gallery,130,15751,000000015751.jpg
gallery,131,447522,000000447522.jpg
gallery,132,411530,000000411530.jpg
gallery,133,531771,000000531771.jpg
gallery,134,462728,000000462728.jpg
gallery,135,33759,000000033759.jpg
gallery,136,311392,000000311392.jpg
gallery,137,36861,000000036861.jpg
gallery,138,446574,000000446574.jpg
gallery,139,206135,000000206135.jpg
gallery,140,309495,000000309495.jpg
gallery,141,150638,000000150638.jpg
gallery,142,512330,000000512330.jpg
gallery,143,338304,000000338304.jpg
gallery,144,134886,000000134886.jpg
gallery,145,523241,000000523241.jpg
gallery,146,574297,000000574297.jpg
gallery,147,565012,000000565012.jpg
gallery,148,489842,000000489842.jpg
gallery,149,265518,000000265518.jpg
gallery,150,177861,000000177861.jpg
gallery,151,177893,000000177893.jpg
gallery,152,555412,000000555412.jpg
gallery,153,78565,000000078565.jpg
gallery,154,240250,000000240250.jpg
gallery,155,289516,000000289516.jpg
gallery,156,249219,000000249219.jpg
gallery,157,130465,000000130465.jpg
gallery,158,54164,000000054164.jpg
gallery,159,463802,000000463802.jpg
gallery,160,285047,000000285047.jpg
gallery,161,200839,000000200839.jpg
gallery,162,524850,000000524850.jpg
gallery,163,110884,000000110884.jpg
gallery,164,429761,000000429761.jpg
gallery,165,130579,000000130579.jpg
gallery,166,476491,000000476491.jpg
gallery,167,263463,000000263463.jpg
gallery,168,468965,000000468965.jpg
gallery,169,554595,000000554595.jpg
gallery,170,522713,000000522713.jpg
gallery,171,198805,000000198805.jpg
gallery,172,362682,000000362682.jpg
gallery,173,25393,000000025393.jpg
gallery,174,562229,000000562229.jpg
gallery,175,130386,000000130386.jpg
gallery,176,423944,000000423944.jpg
gallery,177,105264,000000105264.jpg
gallery,178,545007,000000545007.jpg
gallery,179,262440,000000262440.jpg
gallery,180,26926,000000026926.jpg
gallery,181,506178,000000506178.jpg
gallery,182,516916,000000516916.jpg
gallery,183,286523,000000286523.jpg
gallery,184,438269,000000438269.jpg
gallery,185,576052,000000576052.jpg
gallery,186,336628,000000336628.jpg
gallery,187,507797,000000507797.jpg
gallery,188,452122,000000452122.jpg
gallery,189,425226,000000425226.jpg
gallery,190,148707,000000148707.jpg
gallery,191,260470,000000260470.jpg
gallery,192,22892,000000022892.jpg
gallery,193,135872,000000135872.jpg
gallery,194,577932,000000577932.jpg
gallery,195,267191,000000267191.jpg
gallery,196,578792,000000578792.jpg
gallery,197,450758,000000450758.jpg
gallery,198,300659,000000300659.jpg
gallery,199,309655,000000309655.jpg
gallery,200,491090,000000491090.jpg
gallery,201,234366,000000234366.jpg
gallery,202,73118,000000073118.jpg
gallery,203,48555,000000048555.jpg
gallery,204,286553,000000286553.jpg
gallery,205,151938,000000151938.jpg
gallery,206,530146,000000530146.jpg
gallery,207,370478,000000370478.jpg
gallery,208,329041,000000329041.jpg
gallery,209,397279,000000397279.jpg
gallery,210,239274,000000239274.jpg
gallery,211,123213,000000123213.jpg
gallery,212,555005,000000555005.jpg
gallery,213,125211,000000125211.jpg
gallery,214,84170,000000084170.jpg
gallery,215,484978,000000484978.jpg
gallery,216,550714,000000550714.jpg
gallery,217,257370,000000257370.jpg
gallery,218,216419,000000216419.jpg
gallery,219,302165,000000302165.jpg
gallery,220,530854,000000530854.jpg
gallery,221,458410,000000458410.jpg
gallery,222,46463,000000046463.jpg
gallery,223,323799,000000323799.jpg
gallery,224,91619,000000091619.jpg
gallery,225,60102,000000060102.jpg
gallery,226,19402,000000019402.jpg
gallery,227,478862,000000478862.jpg
gallery,228,242946,000000242946.jpg
gallery,229,230450,000000230450.jpg
gallery,230,462371,000000462371.jpg
gallery,231,454661,000000454661.jpg
gallery,232,245173,000000245173.jpg
gallery,233,180792,000000180792.jpg
gallery,234,353970,000000353970.jpg
gallery,235,393282,000000393282.jpg
gallery,236,326128,000000326128.jpg
gallery,237,338718,000000338718.jpg
gallery,238,284445,000000284445.jpg
gallery,239,161008,000000161008.jpg
gallery,240,23126,000000023126.jpg
gallery,241,521231,000000521231.jpg
gallery,242,22479,000000022479.jpg
gallery,243,370375,000000370375.jpg
gallery,244,539962,000000539962.jpg
gallery,245,400367,000000400367.jpg
gallery,246,322163,000000322163.jpg
gallery,247,504000,000000504000.jpg
gallery,248,177714,000000177714.jpg
gallery,249,250766,000000250766.jpg
gallery,250,540932,000000540932.jpg
gallery,251,312213,000000312213.jpg
gallery,252,322844,000000322844.jpg
gallery,253,465836,000000465836.jpg
gallery,254,177357,000000177357.jpg
gallery,255,162858,000000162858.jpg
gallery,256,218362,000000218362.jpg
gallery,257,80949,000000080949.jpg
gallery,258,521717,000000521717.jpg
gallery,259,176901,000000176901.jpg
gallery,260,549674,000000549674.jpg
gallery,261,409867,000000409867.jpg
gallery,262,368752,000000368752.jpg
gallery,263,300341,000000300341.jpg
gallery,264,91779,000000091779.jpg
gallery,265,308165,000000308165.jpg
gallery,266,570448,000000570448.jpg
gallery,267,22705,000000022705.jpg
gallery,268,4395,000000004395.jpg
gallery,269,373353,000000373353.jpg
gallery,270,374727,000000374727.jpg
gallery,271,162581,000000162581.jpg
gallery,272,239347,000000239347.jpg
gallery,273,334483,000000334483.jpg
gallery,274,463527,000000463527.jpg
gallery,275,304560,000000304560.jpg
gallery,276,274708,000000274708.jpg
gallery,277,565962,000000565962.jpg
gallery,278,309964,000000309964.jpg
gallery,279,14439,000000014439.jpg
gallery,280,288685,000000288685.jpg
gallery,281,34257,000000034257.jpg
gallery,282,187362,000000187362.jpg
gallery,283,499031,000000499031.jpg
gallery,284,571857,000000571857.jpg
gallery,285,406417,000000406417.jpg
gallery,286,131556,000000131556.jpg
gallery,287,85157,000000085157.jpg
gallery,288,459272,000000459272.jpg
gallery,289,44260,000000044260.jpg
gallery,290,368038,000000368038.jpg
gallery,291,182923,000000182923.jpg
gallery,292,459500,000000459500.jpg
gallery,293,210032,000000210032.jpg
gallery,294,374551,000000374551.jpg
gallery,295,105014,000000105014.jpg
gallery,296,410934,000000410934.jpg
gallery,297,280710,000000280710.jpg
gallery,298,423971,000000423971.jpg
gallery,299,273198,000000273198.jpg
gallery,300,184384,000000184384.jpg
gallery,301,460841,000000460841.jpg
gallery,302,483050,000000483050.jpg
gallery,303,125936,000000125936.jpg
gallery,304,122046,000000122046.jpg
gallery,305,223747,000000223747.jpg
gallery,306,250205,000000250205.jpg
gallery,307,307074,000000307074.jpg
gallery,308,224093,000000224093.jpg
gallery,309,92839,000000092839.jpg
gallery,310,25593,000000025593.jpg
gallery,311,494188,000000494188.jpg
gallery,312,110359,000000110359.jpg
gallery,313,404923,000000404923.jpg
gallery,314,493905,000000493905.jpg
gallery,315,461036,000000461036.jpg
gallery,316,289417,000000289417.jpg
gallery,317,514376,000000514376.jpg
gallery,318,13004,000000013004.jpg
gallery,319,16451,000000016451.jpg
gallery,320,156643,000000156643.jpg
gallery,321,258388,000000258388.jpg
gallery,322,389109,000000389109.jpg
gallery,323,226883,000000226883.jpg
gallery,324,466567,000000466567.jpg
gallery,325,466339,000000466339.jpg
gallery,326,400044,000000400044.jpg
gallery,327,335450,000000335450.jpg
gallery,328,542089,000000542089.jpg
gallery,329,119365,000000119365.jpg
gallery,330,525286,000000525286.jpg
gallery,331,433774,000000433774.jpg
gallery,332,226984,000000226984.jpg
gallery,333,359833,000000359833.jpg
gallery,334,117525,000000117525.jpg
gallery,335,9914,000000009914.jpg
gallery,336,188439,000000188439.jpg
gallery,337,43581,000000043581.jpg
gallery,338,429623,000000429623.jpg
gallery,339,221708,000000221708.jpg
gallery,340,419096,000000419096.jpg
gallery,341,149622,000000149622.jpg
gallery,342,161609,000000161609.jpg
gallery,343,344816,000000344816.jpg
gallery,344,239627,000000239627.jpg
gallery,345,55022,000000055022.jpg
gallery,346,357941,000000357941.jpg
gallery,347,509008,000000509008.jpg
gallery,348,122166,000000122166.jpg
gallery,349,109827,000000109827.jpg
gallery,350,209222,000000209222.jpg
gallery,351,211042,000000211042.jpg
gallery,352,377635,000000377635.jpg
gallery,353,175387,000000175387.jpg
gallery,354,172396,000000172396.jpg
gallery,355,461573,000000461573.jpg
gallery,356,213830,000000213830.jpg
gallery,357,183049,000000183049.jpg
gallery,358,260266,000000260266.jpg
gallery,359,426836,000000426836.jpg
gallery,360,181796,000000181796.jpg
gallery,361,269121,000000269121.jpg
gallery,362,84270,000000084270.jpg
gallery,363,505573,000000505573.jpg
gallery,364,23230,000000023230.jpg
gallery,365,322352,000000322352.jpg
gallery,366,47571,000000047571.jpg
gallery,367,263644,000000263644.jpg
gallery,368,189828,000000189828.jpg
gallery,369,157767,000000157767.jpg
gallery,370,255965,000000255965.jpg
gallery,371,289229,000000289229.jpg
gallery,372,270122,000000270122.jpg
gallery,373,290081,000000290081.jpg
gallery,374,532901,000000532901.jpg
gallery,375,13348,000000013348.jpg
gallery,376,455872,000000455872.jpg
gallery,377,329542,000000329542.jpg
gallery,378,370900,000000370900.jpg
gallery,379,514914,000000514914.jpg
gallery,380,295478,000000295478.jpg
gallery,381,253433,000000253433.jpg
gallery,382,190637,000000190637.jpg
gallery,383,426166,000000426166.jpg
gallery,384,70158,000000070158.jpg
gallery,385,559099,000000559099.jpg
gallery,386,259640,000000259640.jpg
gallery,387,116206,000000116206.jpg
gallery,388,476119,000000476119.jpg
gallery,389,463842,000000463842.jpg
gallery,390,386352,000000386352.jpg
gallery,391,88432,000000088432.jpg
gallery,392,251119,000000251119.jpg
gallery,393,369442,000000369442.jpg
gallery,394,87144,000000087144.jpg
gallery,395,56350,000000056350.jpg
gallery,396,184400,000000184400.jpg
gallery,397,50165,000000050165.jpg
gallery,398,449603,000000449603.jpg
gallery,399,190753,000000190753.jpg
