model,image,pixel_ap,precision_at_gt_size,negative_above_positive_median,max_inside_gt,top1_median_distance,top1_within_20px_ratio,top1_over_100px_ratio
small,000.png,0.06191398227115219,0.12866313145408875,193621,True,458.34484834019895,0.0024909702329057168,0.881056171378752
small,005.png,0.049339446685023755,0.07418881460948965,208379,True,449.81273875669206,0.026447731260967663,0.8717723740285785
small,008.png,0.05111312270852808,0.0698399861359829,201750,False,242.00206610688264,0.0013876624195786552,0.9848618645136874
small,013.png,0.061161448390996756,0.09264273999771158,322126,True,249.0020080240318,0.051543761163562136,0.6828272518499617
small,015.png,0.04153188913780667,0.05749258160237389,243672,True,326.54708672709455,0.0008787346221441124,0.8871453678132061
base,000.png,0.0732289818637953,0.1389896734579961,140113,True,359.4495792180038,0.00959023539668701,0.8377132893261926
base,005.png,0.0729688660269362,0.13924669819011903,206487,True,333.02402315748935,0.029079969917272498,0.7798947104537478
base,008.png,0.06861756309170804,0.0909826122118884,152111,False,255.92381678929377,0.006181405323577646,0.9065220133720197
base,013.png,0.08660079141798353,0.11522178572790724,182755,True,397.0912991812456,0.054095432508292934,0.8202347537637152
base,015.png,0.05582655096091912,0.07722551928783383,200227,True,277.5121618020744,0.004142606075822244,0.8508661812703991
large,000.png,0.09035199467320516,0.15224672062517444,98038,True,440.50539156745856,0.005355586000747291,0.861875700585378
large,005.png,0.0674918653642636,0.10060329365726398,134790,True,412.3311775745317,0.050012534469791925,0.8077212333918276
large,008.png,0.07760887860025162,0.1013806250361042,139895,True,287.89234098878006,0.011101299356629242,0.8849501703040242
large,013.png,0.09799839191625025,0.15210343643922347,246051,True,352.87249082055854,0.05537126818065833,0.8442204644041847
large,015.png,0.05681108668421718,0.08086053412462908,192534,True,229.31419493786248,0.007532011046949535,0.82387647501883
