model,image,pixel_auroc,pixel_ap,gt_positive_mean,gt_negative_mean,gt_positive_median,negative_above_positive_median
small,000.png,0.755513203220266,0.06191398227115219,0.08801735937595367,0.030103318393230438,0.0442998930811882,193621
small,001.png,0.8840607490530408,0.33703512617724557,0.16585488617420197,0.03082410804927349,0.10741667449474335,53742
small,002.png,0.7647454944860237,0.2060543755177092,0.102193683385849,0.03032107837498188,0.04989008978009224,170522
small,003.png,0.7139305339443069,0.18771597317689317,0.0712064877152443,0.03088698722422123,0.0385623574256897,210083
small,004.png,0.8654937555524064,0.36630788141712395,0.16276995837688446,0.029826058074831963,0.09286807477474213,75679
small,005.png,0.7334180426628293,0.049339446685023755,0.06478957831859589,0.030439527705311775,0.04220893979072571,208379
small,006.png,0.7254467513775311,0.0864675209774341,0.06753560900688171,0.03045925684273243,0.04156778007745743,214530
small,007.png,0.6521793801541123,0.08606719109505837,0.0634882003068924,0.031492747366428375,0.025664109736680984,300249
small,008.png,0.7423626328677722,0.05111312270852808,0.059673942625522614,0.029800739139318466,0.04133633151650429,201750
small,009.png,0.7787010923317834,0.1490114341211993,0.09110333025455475,0.02949853055179119,0.054235074669122696,151536
small,010.png,0.7203081202960001,0.18433791934332622,0.08282370865345001,0.02941008284687996,0.03543483838438988,232584
small,011.png,0.7426433309256273,0.16026232137582896,0.09359105676412582,0.029505308717489243,0.03941398859024048,214266
small,012.png,0.7219785968995103,0.1873430611984179,0.07213044911623001,0.030350055545568466,0.03929821029305458,204548
small,013.png,0.6498417668796812,0.061161448390996756,0.04630562290549278,0.028588945046067238,0.019905103370547295,322126
small,014.png,0.740534842387059,0.1599089518886871,0.09777221828699112,0.029369670897722244,0.03873380646109581,215591
small,015.png,0.6948419163327091,0.04153188913780667,0.05278027057647705,0.03065028227865696,0.03483087569475174,243672
small,016.png,0.770380401130659,0.14043752682485103,0.0797734186053276,0.02940264716744423,0.051618415862321854,165375
small,017.png,0.8056398789882748,0.31925781694426836,0.1622459441423416,0.03141169250011444,0.06276053190231323,134307
small,018.png,0.7824064671583839,0.28934983755975785,0.1142808273434639,0.030141014605760574,0.055443234741687775,150685
small,019.png,0.748716743013359,0.12913283416220353,0.07436316460371017,0.02866286411881447,0.04015064984560013,201195
small,020.png,0.7474688913229242,0.2081798067771391,0.1013958677649498,0.029193410649895668,0.040900491178035736,196547
small,021.png,0.7626318611173295,0.11579499831445739,0.0911208912730217,0.03111962042748928,0.05100039392709732,170412
base,000.png,0.8013270337895269,0.0732289818637953,0.08778828382492065,0.024069147184491158,0.0470326691865921,140113
base,001.png,0.9125953312544536,0.379140906160919,0.15776945650577545,0.02446196787059307,0.11037765443325043,19355
base,002.png,0.8269008870146529,0.25647944450000204,0.0999356061220169,0.023209501057863235,0.05525963008403778,103165
base,003.png,0.7578326855509161,0.2231100914464515,0.06912391632795334,0.02510879561305046,0.03943841531872749,179775
base,004.png,0.8985067222964022,0.3808713875390108,0.13411764800548553,0.023195242509245872,0.08680012822151184,42143
base,005.png,0.7517450618138882,0.0729688660269362,0.06252898275852203,0.024441448971629143,0.036724358797073364,206487
base,006.png,0.7781757769560862,0.11125197194741902,0.07221097499132156,0.0254166629165411,0.04535827413201332,164839
base,007.png,0.7588857404429475,0.10871849598922176,0.07266537845134735,0.02461942285299301,0.04117220267653465,170949
base,008.png,0.7928025393165132,0.06861756309170804,0.05746136233210564,0.022419530898332596,0.04118398576974869,152111
base,009.png,0.8390220323749867,0.19681713198711126,0.09465429931879044,0.02308378927409649,0.05997222661972046,94015
base,010.png,0.7604997987975679,0.2266542221245571,0.08350318670272827,0.02404809184372425,0.042225178331136703,174026
base,011.png,0.7878461872468255,0.1962402127950769,0.0979064553976059,0.02392021380364895,0.046575792133808136,146362
base,012.png,0.7603804929415208,0.22138661104663196,0.07138487696647644,0.024661483243107796,0.03956689313054085,175844
base,013.png,0.7586053509615832,0.08660079141798353,0.05327004939317703,0.0240501519292593,0.03755076602101326,182755
base,014.png,0.8112604883783102,0.1866643656876147,0.10224836319684982,0.023878224194049835,0.04769069701433182,140107
base,015.png,0.750968967838361,0.05582655096091912,0.052450139075517654,0.02327144145965576,0.035359371453523636,200227
base,016.png,0.817107613318055,0.2051683367623249,0.08131316304206848,0.022370632737874985,0.05276181548833847,107946
base,017.png,0.8622902679398291,0.31707488442177933,0.14111359417438507,0.025328772142529488,0.07085088640451431,80429
base,018.png,0.8245396229296587,0.3301074165218774,0.0976426899433136,0.02288775146007538,0.05587128549814224,100058
base,019.png,0.781599225808459,0.19302821136380183,0.07436619699001312,0.0209311842918396,0.03875882923603058,152196
base,020.png,0.7522001890238526,0.21336825145776078,0.0902712494134903,0.02374473586678505,0.03557736426591873,194600
base,021.png,0.8050253371438569,0.1320657403382265,0.08917984366416931,0.02497374452650547,0.050605785101652145,139192
large,000.png,0.8288185713712578,0.09035199467320516,0.09136439114809036,0.020760897547006607,0.04841962456703186,98038
large,001.png,0.9178314884304528,0.3847840221903357,0.15509788691997528,0.02187739871442318,0.1053246408700943,20713
large,002.png,0.8441733736208897,0.27002350244145024,0.09892801195383072,0.019882844761013985,0.05033572018146515,84738
large,003.png,0.7537396694083931,0.2158317410069343,0.06292232125997543,0.0227104052901268,0.03334984555840492,174765
large,004.png,0.8740405648110042,0.30892956070347666,0.10300292819738388,0.01983063668012619,0.06853899359703064,49475
large,005.png,0.7885979613277763,0.0674918653642636,0.05740489438176155,0.021242473274469376,0.04149314761161804,134790
large,006.png,0.6906792047286714,0.09764308272592331,0.059473391622304916,0.023654194548726082,0.024540238082408905,262842
large,007.png,0.7826743301498297,0.11454363924606384,0.0715152844786644,0.021959718316793442,0.03595098853111267,158221
large,008.png,0.8063178692658912,0.07760887860025162,0.056801941245794296,0.020445629954338074,0.03670951724052429,139895
large,009.png,0.815066715532193,0.1805767909612771,0.08383814990520477,0.020030291751027107,0.04357382655143738,112216
large,010.png,0.7771831371186944,0.2521393725929479,0.08269868046045303,0.020070819184184074,0.03396762162446976,164683
large,011.png,0.8097050034582967,0.19232922655492396,0.09488631784915924,0.02183186635375023,0.04593231901526451,124200
large,012.png,0.758542469465311,0.22267671932953043,0.06776895374059677,0.022299008443951607,0.03393443673849106,173981
large,013.png,0.687382897679093,0.09799839191625025,0.047476235777139664,0.02168581821024418,0.02323034033179283,246051
large,014.png,0.7924317750998849,0.1888793485349069,0.09388057142496109,0.02032667212188244,0.037806812673807144,140107
large,015.png,0.747765021072377,0.05681108668421718,0.04950373247265816,0.02138684317469597,0.03153599798679352,192534
large,016.png,0.8507120796952726,0.23652036448583202,0.0834963470697403,0.01887582615017891,0.050336431711912155,79620
large,017.png,0.8705258558358887,0.29969321619250366,0.12696249783039093,0.022073110565543175,0.06835348159074783,61610
large,018.png,0.8319350745375023,0.30358691376754693,0.08229010552167892,0.01978379301726818,0.04859355092048645,88606
large,019.png,0.8046833342961445,0.2065961464894347,0.07194176316261292,0.01761993020772934,0.0373673290014267,113434
large,020.png,0.7753618173534809,0.2130649255697168,0.08770482987165451,0.02207554690539837,0.03556974232196808,165277
large,021.png,0.8255436054255555,0.16351084548020842,0.09385648369789124,0.021703870967030525,0.05212986469268799,93629
