image,pixel_auroc,pixel_ap,gt_positive_mean,gt_negative_mean
000.png,0.8111246024515231,0.07286005803983617,0.08817405253648758,0.023498013615608215
001.png,0.9171872803517771,0.3853207299559478,0.15833669900894165,0.02396436408162117
002.png,0.8153471557531264,0.25083588535996576,0.099918432533741,0.023235782980918884
003.png,0.7700862928514012,0.2333017391841661,0.07058682292699814,0.02408231608569622
004.png,0.8957277496043939,0.400811614192645,0.1415272206068039,0.022979293018579483
005.png,0.7674772071895274,0.07740290077534322,0.0643484890460968,0.023734411224722862
006.png,0.7855223721979391,0.10820966120949407,0.0708807185292244,0.025010574609041214
007.png,0.7575646678749628,0.10547838690664882,0.0717850923538208,0.024925200268626213
008.png,0.7931398829457768,0.06929660350876422,0.058296412229537964,0.022714804857969284
009.png,0.8506813197756226,0.19925071476478212,0.09532348066568375,0.022702835500240326
010.png,0.77194653976034,0.22525231890397374,0.08285695314407349,0.023006495088338852
011.png,0.7804044235061067,0.19165622472923824,0.09603425860404968,0.023738805204629898
012.png,0.7647576590492198,0.22354313840550918,0.07323949784040451,0.024409860372543335
013.png,0.7708623580099677,0.08737787965795614,0.05334983393549919,0.023320691660046577
014.png,0.8215711895696186,0.18403486737447208,0.0999472439289093,0.023148328065872192
015.png,0.7505029991088088,0.055570494068182125,0.052882272750139236,0.023368120193481445
016.png,0.8277433705124887,0.20934758372288242,0.0805102214217186,0.021351497620344162
017.png,0.8561647242381544,0.32358144376966785,0.14583273231983185,0.025572068989276886
018.png,0.8269150695073871,0.34585417121990447,0.10099582374095917,0.02252613566815853
019.png,0.7931853467393781,0.20453827703644523,0.07479215413331985,0.020179741084575653
020.png,0.7507585791603645,0.2127575126833221,0.0923028290271759,0.02366894669830799
021.png,0.8083292230337997,0.15052153394385995,0.0946163609623909,0.024952983483672142
