query_id,query_categories,num_query_categories,binary_relevant_in_gallery,strict_relevant_in_gallery,raw_top5,cosine_top5,raw_binary_p5,cosine_binary_p5,raw_coverage_at5,cosine_coverage_at5,raw_jaccard_at5,cosine_jaccard_at5,raw_strict_hit5,cosine_strict_hit5,coverage_pair_result,jaccard_pair_result,cosine_equals_normalized_l2_top5
462728,"['person', 'dog', 'surfboard']",3,217,0,"[270122, 148739, 425227, 177357, 191672]","[177357, 148739, 449603, 54164, 239274]",1.0,1.0,0.6666666666666666,0.6,0.6333333333333333,0.5833333333333333,0,0,loss,loss,True
463527,"['bottle', 'cup', 'fork', 'bowl', 'sandwich', 'carrot']",6,79,0,"[181796, 250766, 323151, 184384, 56288]","[181796, 250766, 189752, 2431, 323151]",1.0,1.0,0.3,0.3333333333333333,0.20444444444444443,0.21095959595959596,0,0,win,win,True
463802,"['person', 'tennis racket', 'teddy bear']",3,219,0,"[459272, 147729, 223747, 123480, 127987]","[127987, 147729, 382030, 386352, 123480]",0.8,0.6,0.26666666666666666,0.26666666666666666,0.18,0.19,0,0,tie,win,True
463842,"['bottle', 'bed']",2,36,0,"[35326, 249219, 46872, 180487, 251119]","[249219, 275791, 440507, 180487, 322844]",0.2,0.0,0.1,0.0,0.05,0.0,0,0,loss,loss,True
464824,"['person', 'car', 'fire hydrant']",3,233,1,"[359855, 187585, 363207, 314264, 295478]","[359855, 187585, 338304, 363207, 289702]",0.8,0.6,0.26666666666666666,0.2,0.15857142857142859,0.11190476190476191,0,0,loss,loss,True
465675,"['truck', 'boat']",2,22,0,"[46872, 97679, 134886, 408112, 454978]","[134886, 46872, 97679, 408112, 365521]",0.2,0.2,0.1,0.1,0.05,0.05,0,0,tie,tie,True
465836,"['person', 'backpack', 'skis']",3,215,1,"[309655, 322724, 176901, 326128, 36539]","[309655, 176901, 326128, 322724, 131556]",1.0,1.0,0.6,0.6666666666666666,0.5166666666666666,0.5999999999999999,0,0,win,win,True
466339,['cat'],1,19,19,"[409867, 404191, 446574, 273712, 29596]","[404191, 409867, 446574, 273712, 222825]",0.2,0.2,0.2,0.2,0.2,0.2,1,1,tie,tie,True
466567,['donut'],1,3,3,"[409424, 69356, 250766, 105014, 309495]","[105014, 290081, 409424, 250766, 69356]",0.0,0.0,0.0,0.0,0.0,0.0,0,0,tie,tie,True
468632,"['person', 'frisbee']",2,213,4,"[273760, 182923, 213830, 97988, 130579]","[213830, 182923, 273760, 323496, 404923]",1.0,1.0,0.5,0.5,0.2733333333333333,0.2633333333333333,0,0,tie,loss,True
468965,"['person', 'tie', 'kite']",3,214,0,"[25393, 363188, 459272, 163117, 97988]","[25393, 386352, 300341, 363188, 284445]",1.0,1.0,0.4666666666666667,0.39999999999999997,0.29857142857142854,0.2471428571428571,0,0,loss,loss,True
472298,"['person', 'boat']",2,216,3,"[23230, 148739, 191672, 270122, 425227]","[148739, 23230, 191672, 54164, 417911]",0.8,0.8,0.4,0.4,0.25,0.26666666666666666,0,0,tie,win,True
472375,"['motorcycle', 'dog', 'cup']",3,61,0,"[382030, 264441, 147729, 180878, 370478]","[382030, 264441, 147729, 22479, 180878]",0.0,0.0,0.0,0.0,0.0,0.0,0,0,tie,tie,True
473219,"['person', 'tie', 'chair', 'potted plant', 'book']",5,244,0,"[363188, 318138, 21167, 85157, 459272]","[363188, 85157, 318138, 157767, 21167]",1.0,1.0,0.28,0.32,0.19555555555555554,0.19858585858585856,0,0,win,win,True
475064,"['person', 'donut']",2,214,2,"[260470, 389109, 259640, 370677, 286523]","[260470, 389109, 125936, 259640, 370677]",1.0,1.0,0.7,0.7,0.42857142857142855,0.4019047619047619,1,1,tie,loss,True
476119,"['person', 'car', 'truck', 'skateboard']",4,233,0,"[365642, 187585, 23359, 261982, 210388]","[23359, 365642, 261982, 210388, 187585]",1.0,1.0,0.45,0.45,0.41000000000000003,0.41,0,0,tie,tie,True
476491,[],0,0,0,"[100274, 184400, 400367, 175438, 230450]","[100274, 230450, 175438, 307074, 400367]",0.0,0.0,nan,nan,0.0,0.0,0,0,tie,tie,True
476787,"['bottle', 'cup', 'knife', 'bowl', 'pizza']",5,77,0,"[181796, 323151, 389109, 429623, 260470]","[181796, 389109, 189752, 323151, 248400]",0.8,1.0,0.27999999999999997,0.44000000000000006,0.17738095238095236,0.26952380952380955,0,0,win,win,True
478862,"['person', 'airplane']",2,220,3,"[13348, 408112, 134886, 384350, 452122]","[13348, 408112, 134886, 384350, 452122]",1.0,1.0,0.8,0.8,0.6666666666666666,0.6666666666666666,1,1,tie,tie,True
483050,"['cup', 'bed', 'clock']",3,62,0,"[29596, 319935, 384651, 180878, 415194]","[29596, 319935, 384651, 263644, 139260]",0.8,0.8,0.3333333333333333,0.3333333333333333,0.19555555555555554,0.2422222222222222,0,0,tie,win,True
484978,"['person', 'cup', 'fork', 'knife', 'spoon', 'bowl', 'dining table']",7,253,0,"[246968, 27620, 127987, 435003, 56344]","[127987, 246968, 27620, 56344, 322163]",0.2,0.4,0.08571428571428572,0.17142857142857143,0.0375,0.08365384615384616,0,0,win,win,True
489842,"['person', 'tie', 'vase']",3,223,0,"[363188, 462371, 259597, 163117, 459272]","[24021, 363188, 462371, 300341, 50145]",1.0,1.0,0.39999999999999997,0.4666666666666666,0.21190476190476187,0.3119047619047619,0,0,win,win,True
491090,"['person', 'motorcycle']",2,216,6,"[78748, 454978, 174482, 55022, 459272]","[78748, 454978, 38829, 135410, 102356]",0.8,1.0,0.5,0.9,0.3666666666666666,0.6133333333333333,1,1,win,win,True
491497,"['chair', 'couch', 'tv', 'book']",4,64,2,"[384527, 371699, 384651, 263644, 458410]","[263644, 371699, 384527, 384651, 164637]",0.6,0.4,0.35,0.2,0.19,0.09,0,0,loss,loss,True
493019,['zebra'],1,5,5,"[325306, 54123, 70158, 125211, 244592]","[70158, 325306, 125211, 54123, 244592]",1.0,1.0,1.0,1.0,1.0,1.0,1,1,tie,tie,True
493905,"['person', 'sports ball', 'tennis racket', 'chair']",4,236,2,"[323496, 404923, 429761, 182923, 123213]","[323496, 404923, 429761, 182923, 269121]",1.0,1.0,0.5,0.5,0.39714285714285713,0.44000000000000006,0,0,tie,win,True
494188,"['person', 'bird', 'umbrella', 'handbag', 'chair']",5,246,0,"[261982, 147729, 161609, 65350, 437239]","[23126, 261982, 65350, 147729, 22479]",1.0,1.0,0.24,0.2,0.1634920634920635,0.14603174603174604,0,0,loss,loss,True
497628,"['couch', 'bed']",2,12,2,"[263644, 363207, 458410, 384527, 239347]","[263644, 363207, 156643, 458410, 239347]",0.6,0.6,0.3,0.3,0.18333333333333332,0.18333333333333332,0,0,tie,tie,True
499031,"['person', 'banana']",2,217,4,"[295478, 406417, 459272, 21167, 363188]","[295478, 25393, 300341, 21167, 363188]",1.0,1.0,0.5,0.5,0.26666666666666666,0.25,0,0,tie,loss,True
500270,"['person', 'skateboard']",2,213,13,"[190753, 365642, 455872, 408112, 415194]","[23126, 384350, 150649, 308165, 100274]",0.6,0.6,0.4,0.5,0.1738095238095238,0.4666666666666666,1,1,win,win,True
500478,"['person', 'baseball glove', 'chair']",3,235,2,"[130579, 430961, 182021, 273760, 162581]","[130579, 430961, 404923, 123213, 323496]",1.0,1.0,0.5333333333333334,0.6,0.4333333333333333,0.43666666666666665,0,1,win,win,True
502737,"['person', 'cup', 'cake']",3,231,6,"[279730, 318138, 405691, 459272, 286523]","[279730, 156643, 405691, 157601, 248400]",0.8,0.8,0.3333333333333333,0.5333333333333333,0.22999999999999998,0.255,0,1,win,win,True
504000,"['person', 'airplane']",2,220,3,"[46872, 198805, 97679, 190753, 184400]","[46872, 198805, 13348, 23272, 384350]",0.6,0.6,0.3,0.4,0.125,0.2833333333333333,0,1,win,win,True
505451,"['person', 'surfboard']",2,214,11,"[425227, 187362, 191672, 148739, 270122]","[425227, 191672, 187362, 148739, 449603]",1.0,1.0,1.0,1.0,0.9333333333333332,0.9333333333333332,1,1,tie,tie,True
505573,"['dog', 'tie']",2,26,0,"[223747, 460841, 289702, 65350, 161609]","[289702, 223747, 460841, 22892, 382030]",0.4,0.4,0.2,0.2,0.13999999999999999,0.13333333333333333,0,0,tie,loss,True
506178,"['person', 'bed', 'remote']",3,221,2,"[123480, 363188, 296222, 460841, 459272]","[123480, 156643, 296222, 363188, 382030]",1.0,0.8,0.3333333333333333,0.26666666666666666,0.1769047619047619,0.11357142857142857,0,0,loss,loss,True
507667,"['person', 'car', 'motorcycle', 'backpack']",4,235,1,"[408112, 180878, 288685, 384350, 97679]","[384350, 408112, 180878, 288685, 302165]",0.8,0.6,0.25,0.15,0.17833333333333334,0.09833333333333334,0,0,loss,loss,True
507797,"['person', 'car', 'bus', 'handbag']",4,234,2,"[362682, 338718, 122166, 177893, 394275]","[362682, 394275, 177893, 211674, 338718]",1.0,1.0,0.45,0.5,0.37444444444444447,0.45,0,0,win,win,True
508370,"['person', 'bicycle', 'cup']",3,234,0,"[174482, 50145, 55022, 78748, 187585]","[174482, 50145, 55022, 78748, 338304]",1.0,1.0,0.4666666666666666,0.4666666666666666,0.33666666666666667,0.32,0,0,tie,loss,True
509008,['bus'],1,14,14,"[177893, 249219, 394275, 211674, 184400]","[177893, 394275, 249219, 211674, 184400]",0.8,0.8,0.8,0.8,0.45,0.45,1,1,tie,tie,True
512330,"['bottle', 'refrigerator']",2,32,5,"[435081, 357888, 370677, 150638, 251119]","[435081, 357888, 370677, 150638, 110884]",0.4,0.4,0.2,0.2,0.06000000000000001,0.06000000000000001,0,0,tie,tie,True
513688,"['chair', 'dining table', 'laptop', 'mouse']",4,83,0,"[371699, 27620, 384527, 221708, 357888]","[371699, 27620, 440507, 384527, 164637]",0.8,0.6,0.5,0.4,0.2757142857142857,0.2257142857142857,0,0,loss,loss,True
514376,"['car', 'bus', 'traffic light', 'bench']",4,71,0,"[200839, 122166, 211674, 362682, 249219]","[200839, 394275, 177893, 211674, 362682]",1.0,1.0,0.35,0.35,0.22777777777777777,0.2733333333333333,0,0,tie,win,True
514914,"['toilet', 'sink']",2,23,2,"[262440, 446574, 29596, 319935, 180792]","[262440, 446574, 29596, 180792, 164637]",0.6,0.8,0.4,0.5,0.3,0.4,1,1,win,win,True
515266,"['car', 'truck', 'bench']",3,69,1,"[46872, 188439, 88432, 97679, 198805]","[188439, 46872, 88432, 198805, 87038]",1.0,0.8,0.4666666666666666,0.4,0.3633333333333333,0.32333333333333336,0,0,loss,loss,True
516677,"['person', 'backpack', 'handbag', 'skis']",4,215,0,"[361919, 36539, 210388, 309655, 274708]","[36539, 361919, 326128, 176901, 309655]",1.0,1.0,0.4,0.45,0.34,0.38,0,0,win,win,True
516916,"['chair', 'tv', 'laptop', 'mouse', 'keyboard', 'cell phone']",6,80,1,"[435003, 135872, 27620, 56344, 370478]","[135872, 435003, 56344, 27620, 370478]",1.0,1.0,0.6333333333333333,0.6333333333333333,0.5402380952380953,0.5402380952380953,0,0,tie,tie,True
518326,"['person', 'bed']",2,218,4,"[190753, 180487, 198805, 46872, 200839]","[190753, 180487, 135670, 200839, 336628]",0.8,0.8,0.4,0.4,0.15833333333333333,0.15833333333333333,0,0,tie,tie,True
521231,['bear'],1,2,2,"[92839, 80274, 270402, 180487, 84170]","[92839, 80274, 267191, 270402, 84170]",0.2,0.2,0.2,0.2,0.2,0.2,1,1,tie,tie,True
521717,"['person', 'sports ball', 'tennis racket', 'chair']",4,236,2,"[384670, 323496, 162581, 397279, 182923]","[384670, 323496, 397279, 269121, 162581]",1.0,1.0,0.6,0.6,0.55,0.5700000000000001,0,0,tie,win,True
522713,"['person', 'boat', 'bench']",3,219,0,"[455872, 225946, 190753, 425227, 426836]","[224093, 100274, 426836, 225946, 50165]",0.8,0.2,0.3333333333333333,0.06666666666666667,0.20666666666666664,0.05,0,0,loss,loss,True
523241,"['car', 'truck', 'traffic light']",3,61,2,"[234366, 369812, 228771, 175438, 260266]","[369812, 234366, 307074, 175438, 260266]",0.6,0.8,0.4,0.5333333333333333,0.27999999999999997,0.38,0,0,win,win,True
524850,"['person', 'airplane', 'bus', 'truck', 'backpack', 'handbag', 'suitcase']",7,233,0,"[13348, 408112, 384350, 452122, 134886]","[13348, 384350, 408112, 452122, 218362]",1.0,0.8,0.2571428571428571,0.2,0.24999999999999994,0.2,0,0,loss,loss,True
525286,['clock'],1,16,16,"[409867, 216419, 425925, 289516, 234366]","[216419, 289516, 459500, 456292, 234366]",0.8,0.8,0.8,0.8,0.55,0.5666666666666667,1,1,tie,win,True
528705,"['person', 'teddy bear']",2,219,1,"[253433, 776, 393115, 73118, 264441]","[253433, 776, 73118, 393115, 109827]",0.8,1.0,0.4,0.5,0.3,0.39999999999999997,0,0,win,win,True
529122,"['person', 'handbag', 'knife', 'donut', 'tv']",5,235,0,"[370677, 389109, 157767, 248400, 404839]","[389109, 125936, 370677, 248400, 157767]",1.0,1.0,0.27999999999999997,0.27999999999999997,0.1969191919191919,0.18858585858585858,0,0,tie,loss,True
530061,"['person', 'spoon', 'bowl', 'chair', 'couch', 'dining table']",6,255,0,"[286553, 157601, 296222, 389109, 240250]","[368752, 286553, 240250, 322163, 189752]",1.0,1.0,0.4333333333333333,0.5333333333333333,0.2694444444444445,0.3145454545454546,0,0,win,win,True
530146,"['bottle', 'cup', 'fork', 'knife', 'bowl', 'dining table']",6,88,0,"[184384, 56288, 181796, 260470, 389109]","[181796, 184384, 91779, 56288, 260470]",0.6,0.6,0.23333333333333334,0.3,0.16444444444444445,0.2111111111111111,0,0,win,win,True
530457,['vase'],1,13,13,"[359833, 210520, 396274, 116206, 250766]","[359833, 116206, 105014, 210520, 250766]",0.2,0.2,0.2,0.2,0.025,0.025,1,1,tie,tie,True
530836,"['bottle', 'cup', 'bowl', 'banana', 'apple', 'dining table', 'oven', 'sink', 'refrigerator', 'vase']",10,100,0,"[164637, 226984, 35326, 453302, 357888]","[164637, 226984, 365521, 453302, 259640]",1.0,0.6,0.33999999999999997,0.2,0.2662537462537463,0.1584615384615385,0,0,loss,loss,True
530854,"['person', 'umbrella']",2,215,9,"[285047, 459272, 163117, 21167, 187585]","[329041, 14439, 423123, 309964, 180878]",1.0,0.8,0.5,0.5,0.2733333333333333,0.22999999999999998,0,1,tie,loss,True
531771,['oven'],1,8,8,"[35326, 370478, 27620, 273712, 301421]","[357941, 35326, 370478, 273712, 27620]",0.2,0.2,0.2,0.2,0.06666666666666667,0.06666666666666667,1,1,tie,tie,True
532901,"['chair', 'couch', 'vase']",3,61,1,"[263644, 384527, 239347, 29596, 458410]","[263644, 239347, 384527, 363207, 234366]",0.6,0.2,0.39999999999999997,0.13333333333333333,0.14801587301587302,0.04444444444444444,1,0,loss,loss,True
535156,['elephant'],1,7,7,"[270402, 80274, 440171, 88250, 293300]","[270402, 80274, 88250, 440171, 267191]",1.0,1.0,1.0,1.0,0.8,0.8,1,1,tie,tie,True
537964,['fire hydrant'],1,5,5,"[26926, 226883, 319369, 88432, 180487]","[26926, 140556, 226883, 319369, 336628]",0.4,0.4,0.4,0.4,0.16666666666666666,0.16666666666666666,1,1,tie,tie,True
539962,"['person', 'umbrella', 'frisbee', 'chair', 'dining table']",5,251,0,"[190753, 187362, 437239, 180487, 426836]","[187362, 126107, 239274, 308165, 190753]",1.0,1.0,0.4,0.24000000000000005,0.29,0.16857142857142854,0,0,loss,loss,True
540932,"['person', 'surfboard']",2,214,11,"[425227, 187362, 126107, 78565, 250205]","[126107, 425227, 187362, 384350, 191672]",0.8,0.8,0.6,0.7,0.4333333333333333,0.5833333333333333,1,1,win,win,True
541291,['sink'],1,10,10,"[164637, 35326, 309495, 262440, 433774]","[164637, 365521, 307074, 259640, 348216]",0.4,0.2,0.4,0.2,0.26666666666666666,0.2,1,1,loss,loss,True
542089,['sink'],1,10,10,"[446574, 262440, 309495, 110884, 29596]","[446574, 262440, 263474, 164637, 110884]",0.4,0.6,0.4,0.6,0.13333333333333333,0.3333333333333333,1,1,win,win,True
545007,"['person', 'clock']",2,225,4,"[289516, 97679, 425925, 234366, 365642]","[289516, 459500, 307074, 216419, 400044]",1.0,0.8,0.6,0.4,0.4,0.2833333333333333,1,0,loss,loss,True
549220,"['person', 'bench', 'dog', 'skateboard', 'book']",5,226,0,"[92839, 264441, 187585, 180878, 302165]","[92839, 264441, 302165, 425390, 180878]",0.2,0.0,0.08,0.0,0.08,0.0,0,0,loss,loss,True
549674,"['cup', 'tv', 'mouse', 'keyboard', 'cell phone']",5,73,0,"[435003, 56344, 135872, 119365, 27620]","[435003, 56344, 119365, 135872, 27620]",1.0,1.0,0.6,0.5999999999999999,0.4261904761904762,0.4261904761904762,0,0,tie,tie,True
550714,"['person', 'banana']",2,217,4,"[459272, 184384, 285047, 375430, 56288]","[290081, 460929, 184384, 322844, 9914]",0.6,0.2,0.3,0.1,0.15,0.03333333333333333,0,0,loss,loss,True
552883,['sink'],1,10,10,"[453302, 262440, 164637, 29596, 458410]","[453302, 262440, 164637, 222825, 29596]",0.6,0.6,0.6,0.6,0.3,0.3,1,1,tie,tie,True
554266,"['person', 'bed']",2,218,4,"[458410, 363188, 190753, 21167, 363207]","[458410, 363188, 259640, 363207, 198510]",0.8,0.8,0.4,0.4,0.14166666666666666,0.1619047619047619,0,0,tie,win,True
554595,"['person', 'surfboard']",2,214,11,"[187585, 437239, 459272, 177357, 251119]","[177357, 187585, 384350, 460929, 16451]",0.8,0.6,0.5,0.5,0.36666666666666664,0.3333333333333333,1,1,tie,loss,True
555005,"['dog', 'bed', 'book']",3,28,0,"[423123, 56350, 259597, 161609, 187585]","[56350, 423123, 382030, 259597, 123480]",0.2,0.0,0.06666666666666667,0.0,0.03333333333333333,0.0,0,0,loss,loss,True
555412,['pizza'],1,14,14,"[56288, 447522, 250766, 15278, 184384]","[15278, 250766, 56288, 181796, 231097]",0.0,0.0,0.0,0.0,0.0,0.0,0,0,tie,tie,True
558213,"['person', 'bicycle', 'train', 'skateboard']",4,227,0,"[437239, 406417, 425925, 295478, 163117]","[377635, 87038, 308165, 198510, 175438]",1.0,0.8,0.25,0.45,0.15547619047619046,0.45,0,0,win,win,True
559099,['cow'],1,6,6,"[224093, 348243, 133778, 335450, 51309]","[224093, 348243, 133778, 335450, 51309]",0.4,0.4,0.4,0.4,0.4,0.4,1,1,tie,tie,True
560011,"['bowl', 'mouse', 'keyboard']",3,38,0,"[56344, 370478, 21503, 353970, 27620]","[56344, 127987, 119365, 370478, 312213]",0.6,0.6,0.4,0.26666666666666666,0.21333333333333332,0.14999999999999997,0,0,loss,loss,True
562229,"['person', 'skateboard']",2,213,13,"[365642, 122046, 295478, 258388, 23359]","[308165, 122046, 365642, 258388, 295478]",1.0,1.0,0.6,0.7,0.4166666666666667,0.55,1,1,win,win,True
562561,"['dog', 'umbrella']",2,22,0,"[288685, 302165, 223747, 185250, 264441]","[302165, 288685, 185250, 289702, 223747]",0.4,0.6,0.2,0.3,0.08333333333333333,0.18333333333333332,0,0,win,win,True
564133,['elephant'],1,7,7,"[270402, 293300, 88250, 348243, 80274]","[88250, 293300, 270402, 267191, 440171]",0.8,1.0,0.8,1.0,0.7,0.7,1,1,win,tie,True
565012,"['car', 'truck', 'traffic light', 'parking meter']",4,62,0,"[454661, 400367, 175438, 373353, 260266]","[454661, 400367, 175438, 307074, 373353]",1.0,1.0,0.5,0.5,0.39666666666666667,0.37666666666666665,0,0,tie,loss,True
565962,"['person', 'cat']",2,230,2,"[459272, 454978, 223747, 285047, 97679]","[234526, 329542, 156643, 454978, 218362]",0.8,0.6,0.5,0.3,0.3,0.1388888888888889,1,0,loss,loss,True
565989,"['elephant', 'clock']",2,23,0,"[234366, 425925, 228771, 168337, 88432]","[234366, 216419, 459500, 289516, 88432]",0.4,0.8,0.2,0.4,0.13999999999999999,0.31666666666666665,0,0,win,win,True
567011,"['person', 'surfboard']",2,214,11,"[425227, 148739, 191672, 210915, 54164]","[148739, 191672, 54164, 425227, 449603]",1.0,1.0,1.0,1.0,0.9333333333333332,0.9333333333333332,1,1,tie,tie,True
570448,"['person', 'boat']",2,216,3,"[78565, 425227, 270122, 455872, 148739]","[78565, 54164, 239274, 425227, 177357]",1.0,1.0,0.6,0.7,0.4166666666666667,0.5166666666666667,1,1,win,win,True
571857,"['person', 'bicycle', 'airplane', 'bottle', 'cup', 'chair']",6,263,0,"[408112, 16451, 78565, 97679, 236599]","[408112, 16451, 384350, 236599, 78565]",1.0,1.0,0.2333333333333333,0.2333333333333333,0.18523809523809526,0.19357142857142856,0,0,tie,win,True
573943,['truck'],1,16,16,"[425925, 122166, 184400, 319369, 455872]","[319369, 284445, 280710, 338304, 184400]",0.2,0.0,0.2,0.0,0.02857142857142857,0.0,1,0,loss,loss,True
574297,"['person', 'horse']",2,217,7,"[303653, 51309, 47571, 348243, 335450]","[303653, 47571, 51309, 303499, 260106]",1.0,1.0,0.7,0.9,0.6333333333333333,0.8333333333333333,1,1,win,win,True
575081,"['person', 'tv', 'remote']",3,225,1,"[22705, 425226, 295478, 35326, 458410]","[22705, 425226, 295478, 415194, 85157]",0.8,0.8,0.26666666666666666,0.26666666666666666,0.11936507936507937,0.11301587301587301,0,0,tie,loss,True
576052,"['person', 'horse']",2,217,7,"[450758, 288685, 105264, 335450, 425227]","[47571, 393282, 105264, 335450, 450758]",0.8,0.6,0.4,0.4,0.25,0.36666666666666664,0,1,tie,win,True
577149,['zebra'],1,5,5,"[54123, 70158, 325306, 125211, 244592]","[54123, 70158, 325306, 125211, 244592]",1.0,1.0,1.0,1.0,1.0,1.0,1,1,tie,tie,True
577932,"['person', 'bicycle', 'car', 'traffic light', 'backpack', 'umbrella', 'handbag']",7,243,0,"[177861, 122166, 373353, 168337, 175438]","[373353, 175438, 76547, 230450, 209222]",1.0,1.0,0.5714285714285714,0.45714285714285713,0.45833333333333337,0.3420940170940171,0,0,loss,loss,True
577976,"['car', 'truck']",2,57,9,"[425925, 184400, 122166, 175438, 400367]","[307074, 260266, 175438, 184400, 400367]",0.8,0.8,0.5,0.4,0.2038095238095238,0.2233333333333333,1,0,loss,win,True
578792,"['person', 'motorcycle']",2,216,6,"[261982, 454978, 78748, 365642, 145620]","[261982, 454978, 78748, 145620, 16451]",1.0,1.0,0.7,0.7,0.5333333333333333,0.5119047619047619,1,1,tie,loss,True
579902,"['person', 'car', 'motorcycle', 'skateboard']",4,234,0,"[135410, 174482, 97679, 78748, 454978]","[135410, 78748, 102356, 400044, 174482]",1.0,1.0,0.45,0.45,0.3385714285714285,0.34857142857142853,0,0,tie,win,True
581206,"['person', 'hot dog']",2,217,2,"[56288, 447522, 231097, 184384, 181796]","[56288, 447522, 231097, 181796, 184384]",0.2,0.2,0.1,0.1,0.03333333333333333,0.03333333333333333,0,0,tie,tie,True
