query_id,query_categories,num_query_categories,binary_relevant_in_gallery,strict_relevant_in_gallery,cls_top5,mean_patch_top5,cls_binary_p5,mean_patch_binary_p5,cls_coverage_at5,mean_patch_coverage_at5,cls_jaccard_at5,mean_patch_jaccard_at5,cls_strict_hit5,mean_patch_strict_hit5,jaccard_cls_result,coverage_cls_result
462728,"['person', 'dog', 'surfboard']",3,217,0,"[417911, 239274, 177357, 270122, 191672]","[187362, 449603, 177357, 270122, 191672]",1.0,1.0,0.5999999999999999,0.6666666666666666,0.5833333333333333,0.6666666666666666,0,0,loss,loss
463527,"['bottle', 'cup', 'fork', 'bowl', 'sandwich', 'carrot']",6,79,0,"[2431, 265518, 405691, 181796, 375430]","[181796, 56288, 2431, 189752, 231097]",1.0,1.0,0.3333333333333333,0.3333333333333333,0.2234415584415584,0.2165151515151515,0,0,win,tie
463802,"['person', 'tennis racket', 'teddy bear']",3,219,0,"[76547, 151000, 285047, 190637, 300341]","[322163, 368752, 224807, 125936, 157601]",1.0,1.0,0.3333333333333333,0.3333333333333333,0.18,0.12508658008658008,0,0,win,tie
463842,"['bottle', 'bed']",2,36,0,"[187585, 239347, 328430, 22479, 188439]","[69356, 177861, 87038, 302165, 377635]",0.2,0.0,0.1,0.0,0.05,0.0,0,0,win,win
464824,"['person', 'car', 'fire hydrant']",3,233,1,"[151000, 318138, 423123, 300341, 140556]","[22479, 187585, 140556, 87144, 338304]",1.0,1.0,0.4,0.4666666666666667,0.26666666666666666,0.30333333333333334,0,0,loss,loss
465675,"['truck', 'boat']",2,22,0,"[377882, 425227, 455872, 270122, 408112]","[105264, 225946, 78565, 16451, 126107]",0.4,0.4,0.2,0.2,0.16666666666666666,0.1,0,0,win,tie
465836,"['person', 'backpack', 'skis']",3,215,1,"[289417, 322724, 176901, 309655, 131556]","[309655, 131556, 176901, 289417, 322724]",1.0,1.0,0.6666666666666666,0.6666666666666666,0.5999999999999999,0.5999999999999999,0,0,tie,tie
466339,['cat'],1,19,19,"[404191, 273712, 22705, 458410, 409867]","[222825, 273712, 22705, 453302, 175387]",0.2,0.0,0.2,0.0,0.2,0.0,1,0,win,win
466567,['donut'],1,3,3,"[276434, 250766, 370677, 290081, 409424]","[105014, 34257, 409424, 410934, 148707]",0.2,0.0,0.2,0.0,0.1,0.0,1,0,win,win
468632,"['person', 'frisbee']",2,213,4,"[213830, 182923, 33759, 273760, 406129]","[213830, 185250, 14439, 288685, 437239]",1.0,1.0,0.5,0.7,0.24,0.32666666666666666,0,1,loss,loss
468965,"['person', 'tie', 'kite']",3,214,0,"[386352, 235778, 163117, 25393, 300341]","[284445, 25393, 87144, 319721, 363188]",1.0,1.0,0.5333333333333333,0.39999999999999997,0.4033333333333333,0.24047619047619043,0,0,win,win
472298,"['person', 'boat']",2,216,3,"[177357, 417911, 426836, 210915, 148739]","[438269, 23230, 239274, 191672, 47571]",1.0,0.6,0.5,0.4,0.3333333333333333,0.3333333333333333,0,1,tie,win
472375,"['motorcycle', 'dog', 'cup']",3,61,0,"[102356, 454978, 48924, 78748, 145620]","[55022, 187585, 303653, 78748, 125936]",1.0,0.2,0.3333333333333333,0.06666666666666667,0.24666666666666665,0.04,0,0,win,win
473219,"['person', 'tie', 'chair', 'potted plant', 'book']",5,244,0,"[462371, 25393, 289229, 21167, 166768]","[224807, 386352, 85157, 322163, 235778]",1.0,1.0,0.4,0.36,0.3433333333333334,0.20969696969696966,0,0,win,win
475064,"['person', 'donut']",2,214,2,"[370677, 460929, 91779, 46463, 259640]","[286523, 125936, 370677, 259640, 319369]",0.6,1.0,0.4,0.6,0.2785714285714286,0.36857142857142855,1,1,loss,loss
476119,"['person', 'car', 'truck', 'skateboard']",4,233,0,"[261982, 65350, 140556, 22479, 50145]","[261982, 36861, 87038, 78748, 280710]",1.0,0.8,0.55,0.35,0.4385714285714285,0.28555555555555556,0,0,win,win
476491,[],0,0,0,"[400367, 100274, 455872, 162858, 184400]","[100274, 230450, 177861, 175438, 373353]",0.0,0.0,nan,nan,0.0,0.0,0,0,tie,tie
476787,"['bottle', 'cup', 'knife', 'bowl', 'pizza']",5,77,0,"[429623, 323151, 43581, 172396, 240250]","[181796, 323151, 189752, 91779, 405691]",1.0,1.0,0.4,0.48,0.26785714285714285,0.27096681096681097,0,0,loss,loss
478862,"['person', 'airplane']",2,220,3,"[408112, 300659, 135673, 110359, 134886]","[13348, 408112, 384350, 87038, 425925]",1.0,1.0,0.7,0.7,0.6333333333333333,0.5233333333333333,1,1,win,tie
483050,"['cup', 'bed', 'clock']",3,62,0,"[319935, 29596, 458410, 263644, 239347]","[435003, 384527, 262440, 29596, 263644]",0.8,0.6,0.26666666666666666,0.26666666666666666,0.1488888888888889,0.1311111111111111,0,0,win,tie
484978,"['person', 'cup', 'fork', 'knife', 'spoon', 'bowl', 'dining table']",7,253,0,"[2431, 246968, 389109, 224807, 259597]","[322163, 246968, 156643, 240250, 435003]",1.0,0.8,0.45714285714285713,0.42857142857142855,0.3225,0.26749222999223,0,0,win,win
489842,"['person', 'tie', 'vase']",3,223,0,"[24021, 462371, 253433, 171757, 156643]","[462371, 24021, 85157, 224807, 363188]",0.8,1.0,0.39999999999999997,0.4666666666666666,0.24857142857142858,0.2707936507936508,0,0,loss,loss
491090,"['person', 'motorcycle']",2,216,6,"[78748, 454978, 102356, 145620, 38829]","[38829, 78748, 174482, 55022, 102356]",1.0,0.8,0.9,0.7,0.7333333333333333,0.5,1,1,win,win
491497,"['chair', 'couch', 'tv', 'book']",4,64,2,"[458410, 29596, 357941, 257370, 319935]","[263644, 384527, 29596, 370478, 363207]",1.0,0.6,0.65,0.35,0.3761904761904762,0.16499999999999998,1,1,win,win
493019,['zebra'],1,5,5,"[70158, 325306, 54123, 125211, 244592]","[244592, 80274, 325306, 270402, 88250]",1.0,0.4,1.0,0.4,1.0,0.4,1,1,win,win
493905,"['person', 'sports ball', 'tennis racket', 'chair']",4,236,2,"[182923, 429761, 273760, 269121, 406129]","[60507, 429761, 123213, 323496, 273760]",1.0,1.0,0.55,0.6,0.53,0.4628571428571429,0,0,win,loss
494188,"['person', 'bird', 'umbrella', 'handbag', 'chair']",5,246,0,"[302165, 288685, 289702, 148739, 369442]","[284445, 135410, 177861, 69356, 180487]",0.6,1.0,0.16,0.4,0.10833333333333332,0.244047619047619,0,0,loss,loss
497628,"['couch', 'bed']",2,12,2,"[263644, 239347, 224807, 221708, 322352]","[263644, 363207, 384527, 322352, 29596]",0.4,0.4,0.2,0.2,0.15,0.12222222222222223,0,0,win,tie
499031,"['person', 'banana']",2,217,4,"[406417, 328430, 295478, 223955, 54164]","[386352, 122046, 235778, 284743, 224807]",1.0,1.0,0.5,0.5,0.29,0.25555555555555554,0,0,win,tie
500270,"['person', 'skateboard']",2,213,13,"[150649, 377635, 308165, 424521, 65350]","[408112, 105264, 236599, 308165, 455872]",1.0,0.8,1.0,0.5,0.8800000000000001,0.4,1,1,win,win
500478,"['person', 'baseball glove', 'chair']",3,235,2,"[123213, 130579, 430961, 60507, 404923]","[123213, 430961, 60507, 133244, 269121]",1.0,1.0,0.7333333333333333,0.7333333333333333,0.5033333333333333,0.45,1,1,win,tie
502737,"['person', 'cup', 'cake']",3,231,6,"[259597, 95786, 300341, 184384, 318138]","[279730, 405691, 187585, 318138, 284743]",1.0,0.8,0.4666666666666667,0.3333333333333333,0.30333333333333334,0.22999999999999998,1,0,win,win
504000,"['person', 'airplane']",2,220,3,"[384350, 338325, 13348, 408112, 134886]","[13348, 408112, 384350, 177893, 46872]",1.0,0.8,0.8,0.6,0.6666666666666666,0.4833333333333333,1,1,win,win
505451,"['person', 'surfboard']",2,214,11,"[191672, 148739, 187362, 270122, 449603]","[187362, 191672, 449603, 270122, 239274]",1.0,1.0,1.0,0.9,1.0,0.8666666666666666,1,1,win,win
505573,"['dog', 'tie']",2,26,0,"[289702, 226883, 185250, 460841, 162581]","[382030, 248400, 370478, 289702, 296222]",0.4,0.2,0.2,0.1,0.15,0.1,0,0,win,win
506178,"['person', 'bed', 'remote']",3,221,2,"[22479, 295478, 259597, 423944, 147729]","[123480, 357888, 296222, 425226, 156643]",0.8,1.0,0.26666666666666666,0.3333333333333333,0.16333333333333333,0.12540404040404038,0,0,win,loss
507667,"['person', 'car', 'motorcycle', 'backpack']",4,235,1,"[97988, 288685, 22479, 236599, 190753]","[78748, 22479, 87144, 36861, 303499]",1.0,0.8,0.3,0.35,0.17611111111111108,0.29,0,0,loss,loss
507797,"['person', 'car', 'bus', 'handbag']",4,234,2,"[177893, 362682, 84170, 394275, 200839]","[177893, 249219, 87038, 362682, 234366]",1.0,0.8,0.55,0.3,0.51,0.2633333333333333,0,0,win,win
508370,"['person', 'bicycle', 'cup']",3,234,0,"[38829, 295478, 426166, 50145, 174482]","[38829, 174482, 78748, 55022, 363188]",1.0,1.0,0.4666666666666667,0.4666666666666667,0.30000000000000004,0.3152380952380952,0,0,loss,tie
509008,['bus'],1,14,14,"[394275, 249219, 177893, 84170, 211674]","[394275, 177893, 249219, 368038, 362682]",1.0,0.8,1.0,0.8,0.5166666666666667,0.4666666666666667,1,1,win,win
512330,"['bottle', 'refrigerator']",2,32,5,"[251119, 273712, 425226, 404191, 320706]","[251119, 453302, 322163, 226984, 425226]",0.6,0.8,0.4,0.7,0.2571428571428571,0.18825396825396826,1,1,win,loss
513688,"['chair', 'dining table', 'laptop', 'mouse']",4,83,0,"[384527, 435003, 27620, 135872, 12667]","[384527, 135872, 27620, 164637, 370478]",0.8,0.8,0.55,0.45,0.315,0.24,0,0,win,win
514376,"['car', 'bus', 'traffic light', 'bench']",4,71,0,"[84170, 280710, 177893, 211674, 373353]","[177893, 175438, 230450, 234366, 249219]",1.0,0.8,0.55,0.35,0.3823809523809524,0.2833333333333333,0,0,win,win
514914,"['toilet', 'sink']",2,23,2,"[110884, 262440, 180792, 446574, 175387]","[262440, 453302, 164637, 222825, 263474]",1.0,0.8,0.7,0.5,0.5333333333333333,0.3619047619047619,1,1,win,win
515266,"['car', 'truck', 'bench']",3,69,1,"[188439, 88432, 200839, 338718, 198805]","[188439, 46872, 249219, 78748, 368038]",0.8,0.4,0.3333333333333333,0.2,0.29,0.15,0,0,win,win
516677,"['person', 'backpack', 'handbag', 'skis']",4,215,0,"[361919, 36539, 411530, 274708, 176901]","[326128, 411530, 361919, 176901, 309655]",1.0,1.0,0.5,0.55,0.44000000000000006,0.45999999999999996,0,0,loss,loss
516916,"['chair', 'tv', 'laptop', 'mouse', 'keyboard', 'cell phone']",6,80,1,"[135872, 435003, 56344, 27620, 301421]","[135872, 27620, 56344, 301421, 435003]",1.0,1.0,0.8,0.8,0.6702380952380953,0.6702380952380953,1,1,tie,tie
518326,"['person', 'bed']",2,218,4,"[239347, 46872, 275791, 239274, 54164]","[46872, 69356, 249219, 78748, 377882]",0.8,0.6,0.5,0.3,0.31666666666666665,0.13999999999999999,1,0,win,win
521231,['bear'],1,2,2,"[92839, 461036, 338304, 80274, 438269]","[80274, 293300, 92839, 270402, 461036]",0.4,0.4,0.4,0.4,0.4,0.4,1,1,tie,tie
521717,"['person', 'sports ball', 'tennis racket', 'chair']",4,236,2,"[269121, 397279, 406129, 323496, 213830]","[133244, 269121, 397279, 384670, 213830]",1.0,1.0,0.7,0.7,0.67,0.67,1,1,tie,tie
522713,"['person', 'boat', 'bench']",3,219,0,"[461573, 87144, 425227, 236599, 190753]","[134886, 424521, 126107, 307074, 78565]",1.0,0.8,0.4666666666666666,0.4,0.2866666666666667,0.29,0,0,loss,win
523241,"['car', 'truck', 'traffic light']",3,61,2,"[369812, 260266, 307074, 175438, 162858]","[175438, 13348, 87038, 459500, 307074]",1.0,0.8,0.6666666666666666,0.4,0.45999999999999996,0.26,0,0,win,win
524850,"['person', 'airplane', 'bus', 'truck', 'backpack', 'handbag', 'suitcase']",7,233,0,"[384350, 13348, 452122, 338325, 408112]","[408112, 384350, 13348, 78748, 87038]",1.0,1.0,0.22857142857142856,0.2571428571428571,0.22857142857142856,0.24365079365079367,0,0,loss,loss
525286,['clock'],1,16,16,"[289516, 216419, 175438, 409867, 425925]","[69356, 180487, 301061, 234366, 226883]",0.8,0.2,0.8,0.2,0.4,0.2,1,1,win,win
528705,"['person', 'teddy bear']",2,219,1,"[776, 73118, 322844, 109827, 370900]","[253433, 117525, 163117, 69356, 140556]",1.0,1.0,0.5,0.5,0.4333333333333333,0.2633333333333333,0,0,win,tie
529122,"['person', 'handbag', 'knife', 'donut', 'tv']",5,235,0,"[260470, 370677, 363207, 329542, 125936]","[322163, 370677, 125936, 425226, 246968]",1.0,1.0,0.27999999999999997,0.24,0.21293650793650792,0.1510664335664336,0,0,win,win
530061,"['person', 'spoon', 'bowl', 'chair', 'couch', 'dining table']",6,255,0,"[157601, 21503, 296222, 105014, 265518]","[368752, 85157, 322163, 54654, 334483]",0.6,1.0,0.2,0.4333333333333333,0.1288888888888889,0.28746031746031747,0,0,loss,loss
530146,"['bottle', 'cup', 'fork', 'knife', 'bowl', 'dining table']",6,88,0,"[181796, 56288, 250766, 410735, 184384]","[91779, 181796, 184384, 250766, 447522]",0.8,1.0,0.3333333333333333,0.4333333333333333,0.24444444444444446,0.31111111111111106,0,0,loss,loss
530457,['vase'],1,13,13,"[353970, 7818, 210520, 396274, 320706]","[105014, 396274, 409424, 34257, 359855]",0.4,0.0,0.4,0.0,0.05833333333333333,0.0,1,0,win,win
530836,"['bottle', 'cup', 'bowl', 'banana', 'apple', 'dining table', 'oven', 'sink', 'refrigerator', 'vase']",10,100,0,"[226984, 164637, 222825, 453302, 262440]","[226984, 259640, 164637, 363207, 357888]",1.0,0.8,0.3,0.27999999999999997,0.25482517482517486,0.2145054945054945,0,0,win,win
530854,"['person', 'umbrella']",2,215,9,"[177861, 48924, 122046, 151938, 319369]","[329041, 309964, 69356, 122046, 223747]",0.8,1.0,0.8,0.7,0.32999999999999996,0.37333333333333335,1,1,loss,win
531771,['oven'],1,8,8,"[273712, 222825, 453302, 35326, 415194]","[273712, 80949, 423971, 370478, 329542]",0.4,0.0,0.4,0.0,0.13333333333333333,0.0,1,0,win,win
532901,"['chair', 'couch', 'vase']",3,61,1,"[263644, 29596, 239347, 458410, 319935]","[226984, 363207, 384527, 263644, 246968]",0.6,0.4,0.4,0.2,0.15357142857142855,0.05873015873015872,1,0,win,win
535156,['elephant'],1,7,7,"[440171, 270402, 293300, 267191, 80274]","[440171, 88250, 80274, 270402, 267191]",1.0,1.0,1.0,1.0,0.7,0.8,1,1,loss,tie
537964,['fire hydrant'],1,5,5,"[26926, 396274, 44260, 273198, 409424]","[48924, 226883, 185250, 433774, 145620]",0.4,0.0,0.4,0.0,0.16666666666666666,0.0,1,0,win,win
539962,"['person', 'umbrella', 'frisbee', 'chair', 'dining table']",5,251,0,"[187362, 78565, 126107, 97988, 270122]","[308165, 437239, 175438, 190753, 236599]",1.0,0.8,0.2,0.24,0.15238095238095237,0.15666666666666668,0,0,loss,loss
540932,"['person', 'surfboard']",2,214,11,"[191672, 449603, 187362, 148739, 270122]","[187362, 191672, 16451, 126107, 270122]",1.0,1.0,1.0,0.9,1.0,0.7166666666666667,1,1,win,win
541291,['sink'],1,10,10,"[456292, 164637, 262440, 17379, 301061]","[435003, 262440, 110884, 17379, 164637]",0.6,0.8,0.6,0.8,0.3333333333333333,0.4,1,1,loss,loss
542089,['sink'],1,10,10,"[262440, 110884, 164637, 446574, 175387]","[222825, 263474, 453302, 164637, 262440]",0.6,0.6,0.6,0.6,0.3333333333333333,0.3,1,1,win,tie
545007,"['person', 'clock']",2,225,4,"[289516, 425925, 130465, 216419, 175438]","[58636, 210388, 25593, 87038, 425925]",1.0,0.6,0.6,0.4,0.4066666666666666,0.21666666666666665,1,1,win,win
549220,"['person', 'bench', 'dog', 'skateboard', 'book']",5,226,0,"[117525, 338718, 440507, 161609, 15751]","[319721, 78748, 303653, 311392, 135410]",0.4,1.0,0.16,0.2,0.13714285714285715,0.14603174603174604,0,0,loss,loss
549674,"['cup', 'tv', 'mouse', 'keyboard', 'cell phone']",5,73,0,"[56344, 435003, 135872, 301421, 127987]","[56344, 119365, 312213, 127987, 301421]",1.0,0.8,0.6799999999999999,0.4800000000000001,0.4879365079365079,0.3593650793650794,0,0,win,win
550714,"['person', 'banana']",2,217,4,"[69356, 139260, 125936, 12667, 13004]","[334483, 318138, 368752, 157601, 240250]",1.0,1.0,0.7,0.5,0.4066666666666666,0.18690476190476188,1,0,win,win
552883,['sink'],1,10,10,"[262440, 164637, 222825, 453302, 273712]","[262440, 222825, 453302, 29596, 164637]",0.6,0.6,0.6,0.6,0.3,0.3,1,1,tie,tie
554266,"['person', 'bed']",2,218,4,"[239347, 319935, 458410, 263644, 168337]","[363207, 357888, 423123, 246968, 370478]",0.8,1.0,0.5,0.5,0.2983333333333333,0.14205128205128206,1,0,win,tie
554595,"['person', 'surfboard']",2,214,11,"[16451, 187362, 177357, 210915, 191672]","[16451, 126107, 105264, 239274, 187362]",1.0,1.0,1.0,0.7,0.8666666666666666,0.45,1,1,win,win
555005,"['dog', 'bed', 'book']",3,28,0,"[190637, 253433, 423123, 302882, 322844]","[423123, 190637, 425226, 156643, 382030]",0.2,0.2,0.06666666666666667,0.06666666666666667,0.04,0.04,0,0,tie,tie
555412,['pizza'],1,14,14,"[189752, 447522, 279730, 250766, 405691]","[177714, 447522, 91779, 56288, 184384]",0.2,0.0,0.2,0.0,0.025,0.0,1,0,win,win
558213,"['person', 'bicycle', 'train', 'skateboard']",4,227,0,"[308165, 261982, 65350, 100274, 377635]","[393282, 260266, 408112, 308165, 210388]",1.0,0.6,0.5,0.2,0.4133333333333333,0.18,0,0,win,win
559099,['cow'],1,6,6,"[224093, 311392, 133778, 51309, 105264]","[450758, 393282, 79565, 50165, 335450]",0.8,0.0,0.8,0.0,0.6,0.0,1,0,win,win
560011,"['bowl', 'mouse', 'keyboard']",3,38,0,"[56344, 127987, 312213, 435003, 80949]","[279730, 405691, 127987, 12667, 389109]",0.6,0.4,0.3333333333333333,0.13333333333333333,0.1833333333333333,0.06999999999999999,0,0,win,win
562229,"['person', 'skateboard']",2,213,13,"[365642, 261982, 367228, 393115, 424521]","[175438, 308165, 87038, 433774, 36861]",1.0,0.4,0.8,0.4,0.65,0.3333333333333333,1,1,win,win
562561,"['dog', 'umbrella']",2,22,0,"[185250, 289702, 288685, 223747, 161609]","[206135, 80274, 303653, 335450, 293300]",0.8,0.0,0.4,0.0,0.22333333333333333,0.0,0,0,win,win
564133,['elephant'],1,7,7,"[88250, 270402, 267191, 293300, 80274]","[79565, 348243, 80274, 335450, 88250]",1.0,0.4,1.0,0.4,0.8,0.4,1,1,win,win
565012,"['car', 'truck', 'traffic light', 'parking meter']",4,62,0,"[400367, 454661, 162858, 307074, 175438]","[400367, 230450, 100274, 373353, 280710]",1.0,1.0,0.5,0.5,0.3933333333333333,0.37222222222222223,0,0,win,tie
565962,"['person', 'cat']",2,230,2,"[84270, 363207, 260470, 456292, 329542]","[180487, 157601, 7818, 69356, 231097]",1.0,0.6,0.5,0.3,0.21857142857142856,0.10666666666666666,0,0,win,win
565989,"['elephant', 'clock']",2,23,0,"[289516, 130465, 175438, 425925, 216419]","[459500, 249219, 206135, 226883, 236599]",1.0,0.4,0.5,0.2,0.3466666666666666,0.11666666666666665,0,0,win,win
567011,"['person', 'surfboard']",2,214,11,"[191672, 177357, 449603, 148739, 187362]","[187362, 191672, 270122, 449603, 126107]",1.0,1.0,1.0,0.9,1.0,0.85,1,1,win,win
570448,"['person', 'boat']",2,216,3,"[425227, 78565, 270122, 210915, 449603]","[78565, 126107, 239274, 16451, 48555]",1.0,1.0,0.6,0.8,0.3833333333333333,0.5619047619047619,1,1,loss,loss
571857,"['person', 'bicycle', 'airplane', 'bottle', 'cup', 'chair']",6,263,0,"[48924, 16451, 309964, 437239, 187362]","[16451, 393282, 105264, 47571, 408112]",0.8,0.8,0.16666666666666666,0.2,0.1107936507936508,0.1638095238095238,0,0,loss,loss
573943,['truck'],1,16,16,"[100274, 184400, 419096, 275791, 455872]","[100274, 177861, 69356, 425925, 236599]",0.2,0.2,0.2,0.2,0.06666666666666667,0.06666666666666667,1,1,tie,tie
574297,"['person', 'horse']",2,217,7,"[23126, 260106, 303653, 335450, 319721]","[303653, 335450, 348243, 80274, 393282]",1.0,0.6,0.9,0.4,0.8333333333333333,0.3333333333333333,1,1,win,win
575081,"['person', 'tv', 'remote']",3,225,1,"[425226, 22705, 336628, 319935, 29596]","[384527, 135872, 423123, 363207, 263474]",1.0,0.6,0.3333333333333333,0.2,0.133015873015873,0.08412698412698413,0,0,win,win
576052,"['person', 'horse']",2,217,7,"[23126, 303499, 51309, 319721, 335450]","[50165, 105264, 393282, 424521, 79565]",1.0,0.4,0.8,0.2,0.8,0.13333333333333333,1,0,win,win
577149,['zebra'],1,5,5,"[70158, 54123, 325306, 125211, 244592]","[54123, 88250, 348243, 244592, 325306]",1.0,0.6,1.0,0.6,1.0,0.6,1,1,win,win
577932,"['person', 'bicycle', 'car', 'traffic light', 'backpack', 'umbrella', 'handbag']",7,243,0,"[209222, 280710, 122166, 284445, 365642]","[280710, 122166, 373353, 454661, 230450]",1.0,1.0,0.5142857142857142,0.5142857142857142,0.41666666666666663,0.41944444444444445,0,0,loss,tie
577976,"['car', 'truck']",2,57,9,"[307074, 260266, 175438, 400367, 369812]","[175438, 87038, 425925, 307074, 408112]",1.0,0.6,0.6,0.3,0.30333333333333334,0.13,1,0,win,win
578792,"['person', 'motorcycle']",2,216,6,"[454978, 102356, 78748, 48924, 261982]","[78748, 102356, 123213, 23126, 174482]",1.0,0.8,0.7,0.6,0.5333333333333333,0.4333333333333333,1,1,win,win
579902,"['person', 'car', 'motorcycle', 'skateboard']",4,234,0,"[145620, 326128, 65350, 140556, 48924]","[162858, 78748, 23126, 135410, 309655]",1.0,1.0,0.4,0.45,0.3,0.32,0,0,loss,loss
581206,"['person', 'hot dog']",2,217,2,"[91779, 460929, 279730, 210032, 46463]","[91779, 56288, 181796, 189752, 447522]",1.0,0.4,0.6,0.2,0.26746031746031745,0.050793650793650794,1,0,win,win
