query_id,labeled,strict_eligible,cls_binary_p5,mean_binary_p5,cls_coverage,mean_coverage,cls_jaccard,mean_jaccard,cls_strict_hit,mean_strict_hit,cls_retrieved_ids,mean_retrieved_ids
377882,True,False,1.0,0.0,0.5,0.0,0.36666666666666664,0.0,nan,nan,465675;570448;275791;449603;455872,236599;177861;249219;303653;69356
65350,True,False,1.0,0.8,0.4800000000000001,0.36000000000000004,0.42857142857142855,0.32666666666666666,nan,nan,377635;476119;579902;261982;406129,22479;393115;377635;36861;476119
17379,True,False,0.6,0.8,0.26666666666666666,0.26666666666666666,0.19666666666666666,0.16023809523809524,nan,nan,542089;514914;257370;446574;180792,435003;453302;542089;175387;262440
440171,True,True,1.0,1.0,0.7,0.7,0.7,0.7,1.0,1.0,535156;293300;267191;88250;80274,535156;88250;267191;80274;293300
174482,True,True,0.8,0.6,0.2,0.25,0.1519047619047619,0.19333333333333333,0.0,0.0,426166;55022;508370;579902;491090,491090;508370;36861;55022;162858
153299,True,True,0.8,0.2,0.8,0.2,0.8,0.2,1.0,1.0,393282;79565;450758;287545;325306,287545;303653;335450;133778;574297
139260,True,True,0.4,0.8,0.1,0.25,0.065,0.14047619047619048,0.0,0.0,260470;329542;184384;550714;529122,46463;184384;105014;476787;409424
87038,True,True,1.0,0.6,0.6666666666666666,0.26666666666666666,0.6133333333333333,0.22333333333333333,0.0,0.0,258388;365521;150649;579902;308165,523241;13348;234366;478862;308165
437239,True,False,1.0,0.8,0.31999999999999995,0.4,0.21746031746031744,0.2833333333333333,nan,nan,571857;323799;334483;190753;314264,190753;185250;87144;226883;539962
56344,True,True,1.0,1.0,0.76,0.72,0.525,0.5383333333333333,1.0,1.0,549674;435003;516916;301421;135872,516916;435003;301421;127987;549674
405691,True,False,0.8,0.8,0.425,0.25,0.32727272727272727,0.1675990675990676,nan,nan,463527;181796;555412;210520;484978,279730;2431;91779;322163;125936
577976,True,True,1.0,0.8,0.7,0.5,0.4166666666666667,0.2733333333333333,1.0,1.0,307074;260266;523241;565012;400367,523241;425925;307074;234366;13348
530061,True,False,0.8,1.0,0.3333333333333333,0.5,0.2177777777777778,0.3188888888888889,nan,nan,157601;484978;296222;105014;265518,368752;85157;322163;334483;240250
322724,True,True,1.0,1.0,1.0,0.8,0.7999999999999999,0.5833333333333333,1.0,1.0,176901;289417;465836;309655;131556,309655;361919;131556;576052;134886
50145,True,True,1.0,0.6,0.5,0.3,0.32025974025974024,0.145021645021645,0.0,0.0,508370;319369;76547;55022;476119,234366;230450;76547;22479;319369
357888,True,False,1.0,1.0,0.17777777777777776,0.22222222222222218,0.1360839160839161,0.14901098901098903,nan,nan,319369;60102;97988;14439;85157,322163;171757;296222;300341;156643
260106,True,True,1.0,1.0,0.9,0.7,0.8333333333333333,0.4833333333333334,1.0,1.0,574297;23126;303653;47571;335450,288685;574297;303653;236599;370375
21503,True,False,0.0,0.2,0.0,0.05,0.0,0.02222222222222222,nan,nan,172396;43581;476787;389109;240250,91779;43581;2431;260470;189752
21167,True,False,1.0,1.0,0.4666666666666666,0.4666666666666667,0.37,0.32651515151515154,nan,nan,4395;25393;423944;54164;157767,286553;296222;4395;25393;370677
54123,True,True,1.0,0.8,1.0,0.8,1.0,0.8,1.0,1.0,70158;325306;577149;125211;244592,577149;70158;125211;325306;348243
135670,True,True,0.4,0.4,0.4,0.4,0.26666666666666666,0.05333333333333333,1.0,1.0,509008;184400;180792;508370;426166,259640;76547;221708;262440;507797
148739,True,True,1.0,1.0,1.0,1.0,1.0,1.0,1.0,1.0,191672;567011;270122;54164;540932,449603;191672;54164;270122;567011
302882,True,True,1.0,1.0,0.7,0.7,0.5416666666666666,0.5416666666666666,1.0,1.0,484978;459272;318138;147729;506178,484978;147729;404839;506178;459272
363188,True,False,1.0,1.0,0.4,0.36,0.26904761904761904,0.26103896103896107,nan,nan,577932;25393;338304;508370;209222,370677;85157;284445;338304;25393
17436,True,True,0.4,0.6,0.2,0.3,0.10666666666666666,0.15555555555555553,0.0,0.0,425925;245173;130465;545007;234366,424521;459500;236599;206135;177861
328430,True,True,1.0,0.6,0.8,0.25,0.77,0.11301587301587301,1.0,0.0,521717;213830;323496;406129;397279,190753;69356;249219;234366;177861
126107,True,False,1.0,0.8,0.3333333333333333,0.3333333333333333,0.2102380952380952,0.2,nan,nan,250205;540932;425227;571857;539962,78565;105264;16451;571857;393282
425390,True,True,0.8,1.0,0.6,0.7,0.4,0.4666666666666666,1.0,1.0,80949;312213;435003;264441;549674,312213;80949;353970;264441;370478
384670,True,True,1.0,1.0,0.7999999999999999,0.7333333333333333,0.7,0.6833333333333333,1.0,1.0,397279;429761;323496;213830;269121,397279;162581;429761;323496;269121
421455,True,False,1.0,0.8,0.31999999999999995,0.2,0.2657142857142857,0.13293650793650794,nan,nan,263463;107087;185250;117525;562561,263463;157601;249219;502737;230450
565989,True,False,1.0,0.4,0.5,0.2,0.3733333333333333,0.11666666666666665,nan,nan,289516;545007;130465;425925;216419,459500;249219;206135;226883;236599
259597,True,False,1.0,1.0,0.45,0.45,0.30666666666666664,0.22158730158730156,nan,nan,157767;147729;484978;285047;151000,85157;157767;171757;156643;404839
135673,True,True,1.0,0.6,1.0,0.6,0.6666666666666667,0.4666666666666667,1.0,1.0,300659;478862;110359;134886;504000,110359;452122;134886;260266;58636
270402,True,True,1.0,0.8,1.0,0.8,0.8,0.7,1.0,1.0,80274;293300;88250;267191;535156,80274;535156;88250;293300;348243
357501,True,True,0.2,0.0,0.2,0.0,0.2,0.0,1.0,0.0,161008;210520;435081;565962;313034,210520;382030;218362;260470;2431
175438,True,False,1.0,1.0,0.35,0.45,0.2866666666666667,0.35666666666666663,nan,nan,545007;425925;289516;459500;234366,523241;234366;459500;162858;307074
475064,True,True,0.8,1.0,0.5,0.7,0.34523809523809523,0.4152380952380953,1.0,1.0,370677;581206;91779;46463;259640,286523;125936;529122;370677;259640
516677,True,False,1.0,1.0,0.5,0.55,0.44000000000000006,0.45999999999999996,nan,nan,361919;36539;411530;274708;176901,326128;411530;361919;176901;309655
7818,True,False,1.0,0.8,0.5000000000000001,0.2333333333333333,0.302020202020202,0.12944444444444442,nan,nan,210520;156643;151938;484978;242946,246968;260470;265518;150638;484978
454978,True,True,0.8,0.2,0.8,0.2,0.31666666666666665,0.06666666666666667,1.0,1.0,491090;578792;48924;579902;426166,574297;188439;48924;393282;576052
472375,True,False,0.8,0.2,0.26666666666666666,0.06666666666666667,0.1733333333333333,0.05,nan,nan,491090;48924;578792;579902;426166,55022;187585;303653;491090;125936
98018,True,True,0.2,0.6,0.2,0.26666666666666666,0.075,0.08818181818181818,1.0,0.0,348216;462371;210520;320706;150638,384527;262440;575081;322163;484978
417911,True,True,1.0,1.0,1.0,0.9,0.9333333333333332,0.8666666666666666,1.0,1.0,191672;567011;462728;54164;177357,54164;449603;177357;191672;472298
564133,True,True,1.0,0.2,1.0,0.2,0.8,0.2,1.0,1.0,88250;535156;267191;293300;80274,577149;79565;348243;80274;335450
210915,True,True,1.0,1.0,1.0,1.0,1.0,1.0,1.0,1.0,54164;177357;191672;567011;270122,177357;449603;54164;191672;270122
537964,True,True,0.4,0.0,0.4,0.0,0.16666666666666666,0.0,1.0,0.0,26926;44260;273198;409424;562229,48924;226883;185250;433774;461036
97679,True,False,1.0,0.8,0.5333333333333333,0.26666666666666666,0.29380952380952385,0.18,nan,nan,338718;122166;162858;454661;373353,198805;13348;523241;478862;465675
135410,True,False,0.8,0.6,0.27999999999999997,0.2,0.24,0.16857142857142854,nan,nan,230450;433774;36861;400367;91619,230450;36861;234366;249219;523241
456292,True,True,0.6,0.0,0.4,0.0,0.25,0.0,1.0,0.0,541291;262440;460841;110884;402473,175387;110884;301061;263474;525286
210388,True,True,1.0,0.4,0.5,0.2,0.29,0.11666666666666665,0.0,0.0,400044;131556;176901;411530;361919,134886;260266;58636;308165;393282
573943,True,True,0.2,0.4,0.2,0.4,0.06666666666666667,0.09523809523809523,1.0,1.0,100274;184400;476491;419096;275791,100274;478862;177861;524850;69356
560011,True,False,0.6,0.2,0.3333333333333333,0.06666666666666667,0.1833333333333333,0.05,nan,nan,549674;127987;312213;435003;80949,279730;127987;502737;12667;389109
235778,True,True,1.0,1.0,0.7,0.5,0.4833333333333334,0.29,1.0,0.0,367228;14439;122046;284743;300341,284743;300341;187585;125936;122046
54654,True,True,1.0,1.0,0.7,0.6,0.15634920634920635,0.18468253968253967,1.0,1.0,296222;85157;246968;313034;322163,286553;322163;296222;187585;85157
223955,True,True,1.0,1.0,0.5,0.8,0.2733333333333333,0.6133333333333334,0.0,1.0,370375;367228;14439;295478;499031,185250;14439;468632;323799;87144
505451,True,True,1.0,1.0,1.0,1.0,1.0,1.0,1.0,1.0,567011;191672;540932;187362;270122,567011;187362;540932;191672;449603
211674,True,False,1.0,1.0,0.5,0.45,0.48,0.4,nan,nan,249219;177893;394275;362682;84170,362682;394275;249219;509008;507797
363207,True,False,1.0,1.0,0.43999999999999995,0.27999999999999997,0.25603174603174605,0.13857142857142854,nan,nan,260470;85157;529122;157767;462371,246968;384527;554266;575081;226984
164637,True,True,1.0,0.6,1.0,0.6,0.5888888888888888,0.1222222222222222,1.0,1.0,262440;542089;552883;514914;226984,226984;435003;262440;513688;453302
473219,True,False,1.0,1.0,0.36,0.31999999999999995,0.29666666666666663,0.20666666666666664,nan,nan,462371;489842;25393;289229;300341,499031;386352;85157;322163;404839
23272,True,True,0.8,0.6,0.5,0.3,0.2566666666666667,0.14666666666666667,1.0,0.0,107087;263463;22892;109827;273198,249219;162858;507797;234366;177893
432468,True,False,1.0,0.6,0.5,0.3,0.4333333333333333,0.2333333333333333,nan,nan,353970;312213;411665;402473;304560,264441;393115;353970;382030;411665
276434,True,False,1.0,1.0,0.6,0.5199999999999999,0.40388888888888885,0.36357142857142855,nan,nan,156643;368752;329542;85157;184384,368752;189752;46463;409424;184384
319721,True,True,0.8,0.8,0.7,0.7,0.6333333333333333,0.5733333333333333,1.0,1.0,574297;303653;335450;23126;133778,303653;303499;206135;69356;574297
78748,True,True,0.8,0.8,0.4666666666666667,0.39999999999999997,0.41666666666666663,0.26666666666666666,0.0,0.0,491090;48924;578792;426166;55022,491090;55022;524850;249219;69356
234526,True,False,0.8,1.0,0.4,0.5,0.31666666666666665,0.24666666666666665,nan,nan,79565;224093;393282;576052;22479,69356;303653;236599;22479;87144
46872,True,True,0.6,0.6,0.3333333333333333,0.4,0.2833333333333333,0.3333333333333333,0.0,0.0,275791;188439;419096;426836;100274,188439;234366;249219;523241;13348
323202,True,False,1.0,0.6,0.5,0.3,0.5,0.3,nan,nan,263474;423971;104803;309495;175387,239627;263474;104803;423971;476787
180878,True,False,0.4,0.0,0.13333333333333333,0.0,0.1,0.0,nan,nan,218362;462643;329041;440507;332570,382030;370478;329041;150638;218362
493019,True,True,1.0,0.6,1.0,0.6,1.0,0.6,1.0,1.0,70158;577149;325306;125211;244592,577149;244592;80274;325306;88250
371699,True,False,1.0,1.0,0.3333333333333333,0.39999999999999997,0.21079365079365076,0.21954545454545454,nan,nan,183049;415194;322352;135872;27620,135872;221708;246968;516916;384527
369812,True,False,0.2,1.0,0.04,0.32,0.02857142857142857,0.26095238095238094,nan,nan,91619;25593;374727;88432;58636,523241;459500;162858;433774;188439
224807,True,False,1.0,1.0,0.525,0.475,0.39426573426573425,0.3670995670995671,nan,nan,240250;286553;389109;242946;189752,240250;322163;125936;242946;85157
338325,True,True,1.0,0.6,1.0,0.6,0.7333333333333333,0.4666666666666667,1.0,1.0,452122;13348;134886;384350;110359,110359;452122;58636;260266;134886
123480,True,False,1.0,1.0,0.39999999999999997,0.3333333333333333,0.28055555555555556,0.14912698412698414,nan,nan,296222;286523;484978;318138;404839,296222;460841;171757;484978;506178
423123,True,False,0.8,0.8,0.2,0.25,0.13833333333333334,0.11944444444444442,nan,nan,464824;370478;318138;440507;530854,384527;425226;575081;322163;370478
38829,True,True,1.0,1.0,0.5,0.4,0.3845454545454545,0.32166666666666666,0.0,0.0,508370;426166;491090;55022;76547,508370;491090;389109;55022;322163
23359,True,True,1.0,0.8,0.6,0.6,0.4333333333333333,0.3833333333333333,1.0,1.0,176901;131556;289417;400044;465836,309655;260266;131556;361919;289417
396274,True,True,0.4,0.2,0.4,0.2,0.4,0.2,1.0,1.0,410934;530457;359855;426166;15278,530457;359855;461573;226883;410934
145620,True,True,0.8,0.6,0.6,0.3,0.4166666666666667,0.16666666666666666,1.0,0.0,491090;426166;48924;579902;55022,224093;574297;48924;185250;226883
460929,True,False,0.6,0.2,0.3,0.1,0.13523809523809524,0.02857142857142857,nan,nan,581206;91779;279730;210032;46463,2431;91779;105014;231097;189752
180487,True,True,1.0,1.0,0.56,0.39999999999999997,0.3892857142857143,0.2611111111111111,0.0,0.0,319369;296222;97988;85157;150638,69356;156643;87144;150638;334483
515266,True,True,0.8,0.4,0.3333333333333333,0.2,0.29,0.18333333333333332,0.0,0.0,188439;88432;200839;338718;198805,188439;249219;368038;198805;234366
558213,True,False,1.0,0.6,0.45,0.25,0.4133333333333333,0.19,nan,nan,308165;261982;100274;500270;377635,393282;260266;308165;478862;571857
56288,True,False,0.8,0.4,0.26666666666666666,0.13333333333333333,0.11714285714285713,0.065,nan,nan,9914;210032;46463;530146;250766,91779;581206;105014;181796;46463
518326,True,True,0.8,0.6,0.5,0.3,0.31666666666666665,0.14666666666666667,1.0,0.0,483050;463842;239347;275791;239274,69356;249219;463842;461573;507797
528705,True,True,1.0,1.0,0.5,0.5,0.4333333333333333,0.2633333333333333,0.0,0.0,776;73118;322844;109827;370900,253433;117525;163117;69356;140556
273760,True,True,1.0,1.0,1.0,0.9,0.6333333333333333,0.6,1.0,1.0,182923;429761;213830;323496;493905,429761;493905;404923;182923;323496
375430,True,True,0.6,0.8,0.4,0.39999999999999997,0.11559829059829059,0.17857142857142855,1.0,1.0,463527;329542;260470;435081;210520,184384;91779;2431;46463;181796
225946,True,False,1.0,0.2,0.5,0.1,0.5,0.1,nan,nan,344816;115118;368038;50165;419096,50165;559099;79565;393282;134886
102356,True,True,1.0,0.8,0.7,0.5,0.55,0.35666666666666663,1.0,1.0,491090;578792;48924;23126;209222,491090;55022;48924;69356;249219
228771,False,False,nan,nan,nan,nan,nan,nan,nan,nan,374727;58636;25593;91619;338718,58636;523241;234366;25593;374727
222825,True,True,0.8,0.6,0.5333333333333333,0.4666666666666666,0.22124542124542126,0.15457875457875458,1.0,1.0,453302;226984;273712;552883;246968,453302;552883;542089;226984;246968
133244,True,False,1.0,1.0,0.55,0.55,0.48666666666666664,0.4666666666666667,nan,nan,397279;323496;429761;269121;213830,323496;500478;429761;269121;213830
404191,True,True,0.4,0.2,0.4,0.2,0.3,0.2,1.0,1.0,466339;273712;512330;180792;251119,409867;175387;273712;348216;466339
166768,True,True,1.0,1.0,0.8,0.6,0.53,0.4083333333333333,1.0,1.0,4395;25393;147729;506178;462371,4395;370677;404839;85157;190637
549220,True,False,0.6,1.0,0.2,0.2,0.16214285714285714,0.16857142857142854,nan,nan,117525;507667;338718;440507;161609,303653;311392;289702;303499;478862
408112,True,True,1.0,0.6,0.9,0.5,0.7666666666666666,0.4333333333333333,1.0,1.0,478862;13348;384350;504000;134886,13348;478862;307074;384350;523241
384651,True,True,0.2,0.4,0.1,0.2,0.03333333333333333,0.04038461538461539,0.0,0.0,491497;435003;513688;549674;110884,110884;301421;246968;484978;257370
42102,True,True,1.0,1.0,0.5333333333333333,0.39999999999999997,0.37857142857142856,0.23199134199134197,0.0,0.0,423944;22705;4395;577932;25393,499031;286553;296222;336628;423944
