image,normal_gradient_mean,normal_gradient_median,top1_fp_gradient_mean,top1_fp_gradient_median,gradient_mean_ratio,gradient_median_ratio,top1_fp_in_top10_gradient,top10_gradient_enrichment
000.png,0.0929187461733818,0.02965352311730385,0.3192879855632782,0.14198148250579834,3.436206340789795,4.788013935089111,0.34960767218831734,3.496076721883173
001.png,0.09274395555257797,0.030228139832615852,0.3057636320590973,0.15293878316879272,3.2968578338623047,5.059484004974365,0.3865430397193334,3.8654303971933337
002.png,0.0965929627418518,0.028725534677505493,0.31945300102233887,0.14001509547233582,3.3072078227996826,4.874238014221191,0.35613630540609786,3.5613630540609784
003.png,0.08780967444181442,0.025350268930196762,0.29553693532943726,0.14181016385555267,3.3656535148620605,5.594029903411865,0.3678839957035446,3.6788399570354455
004.png,0.08891697973012924,0.02855866029858589,0.29896944761276245,0.14299306273460388,3.3623437881469727,5.006994724273682,0.3806912383624538,3.8069123836245375
005.png,0.08934129774570465,0.028497794643044472,0.23992854356765747,0.12261281907558441,2.685527801513672,4.302536964416504,0.28653797944346954,2.8653797944346953
006.png,0.09123845398426056,0.02890322171151638,0.3009868264198303,0.1510878950357437,3.298903226852417,5.227372169494629,0.3763795509323861,3.763795509323861
007.png,0.09024842083454132,0.029373493045568466,0.3085803687572479,0.1509110927581787,3.4192328453063965,5.137662410736084,0.3861286254728878,3.8612862547288778
008.png,0.08611247688531876,0.028146298602223396,0.304232120513916,0.1617705076932907,3.5329620838165283,5.747488021850586,0.42323703797148987,4.232370379714898
009.png,0.08876127004623413,0.02916264720261097,0.18914052844047546,0.10959576070308685,2.130890369415283,3.758086919784546,0.23994943109987357,2.3994943109987354
010.png,0.09045466780662537,0.026797248050570488,0.22997359931468964,0.11269044131040573,2.5424182415008545,4.205298900604248,0.2729978004916548,2.7299780049165476
011.png,0.08958477526903152,0.029461197555065155,0.23427928984165192,0.11357874423265457,2.615168571472168,3.8551979064941406,0.2641913152926369,2.6419131529263686
012.png,0.08809029310941696,0.02541237697005272,0.26942625641822815,0.12597914040088654,3.0585238933563232,4.957393169403076,0.3930914446378364,3.930914446378364
013.png,0.090143121778965,0.02789616957306862,0.2043377012014389,0.11845199018716812,2.2668142318725586,4.246173858642578,0.24942587394743557,2.4942587394743554
014.png,0.09179316461086273,0.02881547622382641,0.2515126168727875,0.12269358336925507,2.73999285697937,4.257905960083008,0.2691389063482087,2.6913890634820867
015.png,0.08870799094438553,0.02848632261157036,0.2727927267551422,0.15310552716255188,3.075176477432251,5.3747029304504395,0.3826261611850364,3.826261611850364
016.png,0.08806917071342468,0.028948986902832985,0.16018976271152496,0.09624776244163513,1.818908452987671,3.3247368335723877,0.19155639571518587,1.9155639571518586
017.png,0.09302909672260284,0.029571346938610077,0.26747408509254456,0.13632901012897491,2.8751659393310547,4.610172271728516,0.3421552488286691,3.421552488286691
018.png,0.08593900501728058,0.026882506906986237,0.24173873662948608,0.1152048334479332,2.812910556793213,4.285494327545166,0.3570773864082755,3.570773864082755
019.png,0.08568074554204941,0.027142127975821495,0.18982894718647003,0.11525191366672516,2.2155380249023438,4.246237277984619,0.2665735331470663,2.6657353314706627
020.png,0.08714784681797028,0.027796639129519463,0.24637600779533386,0.13559630513191223,2.827103853225708,4.878154754638672,0.4126902903927338,4.126902903927338
021.png,0.09218596667051315,0.030082175508141518,0.2748832404613495,0.13571393489837646,2.9818339347839355,4.511440277099609,0.35027040623820904,3.50270406238209
